source,field,value
C:\Users\nrgen\.codex\scratch\SATquery AI\results\count-fix-20260909\deployed-live.json,$[0].run.trace[0].seconds,7.574
C:\Users\nrgen\.codex\scratch\SATquery AI\results\count-fix-20260909\deployed-live.json,$[0].run.trace[1].seconds,3.716
C:\Users\nrgen\.codex\scratch\SATquery AI\results\count-fix-20260909\deployed-live.json,$[0].run.seconds,20.388
C:\Users\nrgen\.codex\scratch\SATquery AI\results\count-fix-20260909\deployed-live.json,$[0].run.generation_seconds,3.716
C:\Users\nrgen\.codex\scratch\SATquery AI\results\count-fix-20260909\deployed-live.json,$[0].run.peak_allocated_GiB,4.231
C:\Users\nrgen\.codex\scratch\SATquery AI\results\count-fix-20260909\deployed-live.json,$[1].run.trace[0].seconds,0.395
C:\Users\nrgen\.codex\scratch\SATquery AI\results\count-fix-20260909\deployed-live.json,$[1].run.seconds,0.756
C:\Users\nrgen\.codex\scratch\SATquery AI\results\count-fix-20260909\deployed-live.json,$[1].run.generation_seconds,0.395
C:\Users\nrgen\.codex\scratch\SATquery AI\results\count-fix-20260909\deployed-live.json,$[1].run.peak_allocated_GiB,4.3
C:\Users\nrgen\.codex\scratch\SATquery AI\results\count-fix-20260909\deployed-live.json,$[2].run.trace[0].seconds,0.233
C:\Users\nrgen\.codex\scratch\SATquery AI\results\count-fix-20260909\deployed-live.json,$[2].run.seconds,0.267
C:\Users\nrgen\.codex\scratch\SATquery AI\results\count-fix-20260909\deployed-live.json,$[2].run.generation_seconds,0.233
C:\Users\nrgen\.codex\scratch\SATquery AI\results\count-fix-20260909\deployed-live.json,$[2].run.peak_allocated_GiB,4.224
C:\Users\nrgen\.codex\scratch\SATquery AI\results\count-fix-20260909\deployed-live.json,$[3].run.trace[0].seconds,0.745
C:\Users\nrgen\.codex\scratch\SATquery AI\results\count-fix-20260909\deployed-live.json,$[3].run.counting.views[0].seconds,0.3837989749999906
C:\Users\nrgen\.codex\scratch\SATquery AI\results\count-fix-20260909\deployed-live.json,$[3].run.counting.views[1].seconds,0.3616138909999336
C:\Users\nrgen\.codex\scratch\SATquery AI\results\count-fix-20260909\deployed-live.json,$[3].run.counting.generation_seconds,0.745
C:\Users\nrgen\.codex\scratch\SATquery AI\results\count-fix-20260909\deployed-live.json,$[3].run.counting.peak_allocated_GiB,4.314
C:\Users\nrgen\.codex\scratch\SATquery AI\results\count-fix-20260909\deployed-live.json,$[3].run.answer_validation.views[0].seconds,0.3837989749999906
C:\Users\nrgen\.codex\scratch\SATquery AI\results\count-fix-20260909\deployed-live.json,$[3].run.answer_validation.views[1].seconds,0.3616138909999336
C:\Users\nrgen\.codex\scratch\SATquery AI\results\count-fix-20260909\deployed-live.json,$[3].run.answer_validation.generation_seconds,0.745
C:\Users\nrgen\.codex\scratch\SATquery AI\results\count-fix-20260909\deployed-live.json,$[3].run.answer_validation.peak_allocated_GiB,4.314
C:\Users\nrgen\.codex\scratch\SATquery AI\results\count-fix-20260909\deployed-live.json,$[3].run.seconds,0.906
C:\Users\nrgen\.codex\scratch\SATquery AI\results\count-fix-20260909\deployed-live.json,$[3].run.generation_seconds,0.745
C:\Users\nrgen\.codex\scratch\SATquery AI\results\count-fix-20260909\deployed-live.json,$[3].run.peak_allocated_GiB,4.314
C:\Users\nrgen\.codex\scratch\SATquery AI\results\count-fix-20260909\description-live.json,$[0].run.trace[0].seconds,7.638
C:\Users\nrgen\.codex\scratch\SATquery AI\results\count-fix-20260909\description-live.json,$[0].run.trace[1].seconds,2.336
C:\Users\nrgen\.codex\scratch\SATquery AI\results\count-fix-20260909\description-live.json,$[0].run.trace[2].seconds,0.522
C:\Users\nrgen\.codex\scratch\SATquery AI\results\count-fix-20260909\description-live.json,$[0].run.seconds,16.839
C:\Users\nrgen\.codex\scratch\SATquery AI\results\count-fix-20260909\description-live.json,$[0].run.generation_seconds,2.858
C:\Users\nrgen\.codex\scratch\SATquery AI\results\count-fix-20260909\description-live.json,$[0].run.peak_allocated_GiB,4.235
C:\Users\nrgen\.codex\scratch\SATquery AI\results\count-fix-20260909\description-live.json,$[0].run.description.seconds,0.522
C:\Users\nrgen\.codex\scratch\SATquery AI\results\count-fix-20260909\description-live.json,$[1].run.trace[0].seconds,0.398
C:\Users\nrgen\.codex\scratch\SATquery AI\results\count-fix-20260909\description-live.json,$[1].run.trace[1].seconds,1.141
C:\Users\nrgen\.codex\scratch\SATquery AI\results\count-fix-20260909\description-live.json,$[1].run.seconds,1.773
C:\Users\nrgen\.codex\scratch\SATquery AI\results\count-fix-20260909\description-live.json,$[1].run.generation_seconds,1.539
C:\Users\nrgen\.codex\scratch\SATquery AI\results\count-fix-20260909\description-live.json,$[1].run.peak_allocated_GiB,4.308
C:\Users\nrgen\.codex\scratch\SATquery AI\results\count-fix-20260909\description-live.json,$[1].run.description.seconds,1.141
C:\Users\nrgen\.codex\scratch\SATquery AI\results\count-fix-20260909\description-live.json,$[2].run.trace[0].seconds,0.215
C:\Users\nrgen\.codex\scratch\SATquery AI\results\count-fix-20260909\description-live.json,$[2].run.trace[1].seconds,0.515
C:\Users\nrgen\.codex\scratch\SATquery AI\results\count-fix-20260909\description-live.json,$[2].run.seconds,0.749
C:\Users\nrgen\.codex\scratch\SATquery AI\results\count-fix-20260909\description-live.json,$[2].run.generation_seconds,0.73
C:\Users\nrgen\.codex\scratch\SATquery AI\results\count-fix-20260909\description-live.json,$[2].run.peak_allocated_GiB,4.228
C:\Users\nrgen\.codex\scratch\SATquery AI\results\count-fix-20260909\description-live.json,$[2].run.description.seconds,0.515
C:\Users\nrgen\.codex\scratch\SATquery AI\results\count-fix-20260909\description-live.json,$[3].run.trace[0].seconds,0.644
C:\Users\nrgen\.codex\scratch\SATquery AI\results\count-fix-20260909\description-live.json,$[3].run.trace[1].seconds,0.625
C:\Users\nrgen\.codex\scratch\SATquery AI\results\count-fix-20260909\description-live.json,$[3].run.counting.views[0].seconds,0.3285033070001191
C:\Users\nrgen\.codex\scratch\SATquery AI\results\count-fix-20260909\description-live.json,$[3].run.counting.views[1].seconds,0.31572456999992937
C:\Users\nrgen\.codex\scratch\SATquery AI\results\count-fix-20260909\description-live.json,$[3].run.counting.generation_seconds,0.644
C:\Users\nrgen\.codex\scratch\SATquery AI\results\count-fix-20260909\description-live.json,$[3].run.counting.peak_allocated_GiB,4.314
C:\Users\nrgen\.codex\scratch\SATquery AI\results\count-fix-20260909\description-live.json,$[3].run.answer_validation.views[0].seconds,0.3285033070001191
C:\Users\nrgen\.codex\scratch\SATquery AI\results\count-fix-20260909\description-live.json,$[3].run.answer_validation.views[1].seconds,0.31572456999992937
C:\Users\nrgen\.codex\scratch\SATquery AI\results\count-fix-20260909\description-live.json,$[3].run.answer_validation.generation_seconds,0.644
C:\Users\nrgen\.codex\scratch\SATquery AI\results\count-fix-20260909\description-live.json,$[3].run.answer_validation.peak_allocated_GiB,4.314
C:\Users\nrgen\.codex\scratch\SATquery AI\results\count-fix-20260909\description-live.json,$[3].run.seconds,1.403
C:\Users\nrgen\.codex\scratch\SATquery AI\results\count-fix-20260909\description-live.json,$[3].run.generation_seconds,1.269
C:\Users\nrgen\.codex\scratch\SATquery AI\results\count-fix-20260909\description-live.json,$[3].run.peak_allocated_GiB,4.314
C:\Users\nrgen\.codex\scratch\SATquery AI\results\count-fix-20260909\description-live.json,$[3].run.description.seconds,0.625
C:\Users\nrgen\.codex\scratch\SATquery AI\results\count-fix-20260909\description-live.json,$[4].run.trace[0].seconds,0.299
C:\Users\nrgen\.codex\scratch\SATquery AI\results\count-fix-20260909\description-live.json,$[4].run.seconds,1.477
C:\Users\nrgen\.codex\scratch\SATquery AI\results\count-fix-20260909\description-live.json,$[4].run.generation_seconds,0.299
C:\Users\nrgen\.codex\scratch\SATquery AI\results\count-fix-20260909\description-live.json,$[4].run.peak_allocated_GiB,4.177
C:\Users\nrgen\.codex\scratch\SATquery AI\results\count-fix-20260909\description-live.json,$[5].run.trace[0].seconds,0.167
C:\Users\nrgen\.codex\scratch\SATquery AI\results\count-fix-20260909\description-live.json,$[5].run.seconds,0.975
C:\Users\nrgen\.codex\scratch\SATquery AI\results\count-fix-20260909\description-live.json,$[5].run.generation_seconds,0.167
C:\Users\nrgen\.codex\scratch\SATquery AI\results\count-fix-20260909\description-live.json,$[5].run.peak_allocated_GiB,4.177
C:\Users\nrgen\.codex\scratch\SATquery AI\results\count-fix-20260909\prompt-probe.json,$[0].run.trace[0].seconds,0.393
C:\Users\nrgen\.codex\scratch\SATquery AI\results\count-fix-20260909\prompt-probe.json,$[0].run.seconds,0.436
C:\Users\nrgen\.codex\scratch\SATquery AI\results\count-fix-20260909\prompt-probe.json,$[0].run.generation_seconds,0.393
C:\Users\nrgen\.codex\scratch\SATquery AI\results\count-fix-20260909\prompt-probe.json,$[0].run.peak_allocated_GiB,4.231
C:\Users\nrgen\.codex\scratch\SATquery AI\results\count-fix-20260909\prompt-probe.json,$[1].run.trace[0].seconds,0.213
C:\Users\nrgen\.codex\scratch\SATquery AI\results\count-fix-20260909\prompt-probe.json,$[1].run.seconds,0.238
C:\Users\nrgen\.codex\scratch\SATquery AI\results\count-fix-20260909\prompt-probe.json,$[1].run.generation_seconds,0.213
C:\Users\nrgen\.codex\scratch\SATquery AI\results\count-fix-20260909\prompt-probe.json,$[1].run.peak_allocated_GiB,4.233
C:\Users\nrgen\.codex\scratch\SATquery AI\results\count-fix-20260909\prompt-probe.json,$[2].run.trace[0].seconds,0.371
C:\Users\nrgen\.codex\scratch\SATquery AI\results\count-fix-20260909\prompt-probe.json,$[2].run.seconds,0.555
C:\Users\nrgen\.codex\scratch\SATquery AI\results\count-fix-20260909\prompt-probe.json,$[2].run.generation_seconds,0.371
C:\Users\nrgen\.codex\scratch\SATquery AI\results\count-fix-20260909\prompt-probe.json,$[2].run.peak_allocated_GiB,4.3
C:\Users\nrgen\.codex\scratch\SATquery AI\results\count-fix-20260909\prompt-probe.json,$[3].run.trace[0].seconds,0.326
C:\Users\nrgen\.codex\scratch\SATquery AI\results\count-fix-20260909\prompt-probe.json,$[3].run.seconds,0.531
C:\Users\nrgen\.codex\scratch\SATquery AI\results\count-fix-20260909\prompt-probe.json,$[3].run.generation_seconds,0.326
C:\Users\nrgen\.codex\scratch\SATquery AI\results\count-fix-20260909\prompt-probe.json,$[3].run.peak_allocated_GiB,4.303
C:\Users\nrgen\.codex\scratch\SATquery AI\results\count-fix-20260909\prompt-probe.json,$[4].run.trace[0].seconds,0.263
C:\Users\nrgen\.codex\scratch\SATquery AI\results\count-fix-20260909\prompt-probe.json,$[4].run.seconds,0.284
C:\Users\nrgen\.codex\scratch\SATquery AI\results\count-fix-20260909\prompt-probe.json,$[4].run.generation_seconds,0.263
C:\Users\nrgen\.codex\scratch\SATquery AI\results\count-fix-20260909\prompt-probe.json,$[4].run.peak_allocated_GiB,4.224
C:\Users\nrgen\.codex\scratch\SATquery AI\results\count-fix-20260909\prompt-probe.json,$[5].run.trace[0].seconds,3.982
C:\Users\nrgen\.codex\scratch\SATquery AI\results\count-fix-20260909\prompt-probe.json,$[5].run.seconds,4.002
C:\Users\nrgen\.codex\scratch\SATquery AI\results\count-fix-20260909\prompt-probe.json,$[5].run.generation_seconds,3.982
C:\Users\nrgen\.codex\scratch\SATquery AI\results\count-fix-20260909\prompt-probe.json,$[5].run.peak_allocated_GiB,4.227
C:\Users\nrgen\.codex\scratch\SATquery AI\results\final-live-verification.json,$.cases[0].run.trace[0].seconds,8.147
C:\Users\nrgen\.codex\scratch\SATquery AI\results\final-live-verification.json,$.cases[0].run.trace[1].seconds,6.75
C:\Users\nrgen\.codex\scratch\SATquery AI\results\final-live-verification.json,$.cases[0].run.seconds,22.047
C:\Users\nrgen\.codex\scratch\SATquery AI\results\final-live-verification.json,$.cases[0].run.generation_seconds,6.75
C:\Users\nrgen\.codex\scratch\SATquery AI\results\final-live-verification.json,$.cases[0].run.peak_allocated_GiB,4.243
C:\Users\nrgen\.codex\scratch\SATquery AI\results\final-live-verification.json,$.cases[1].run.seconds,0.196
C:\Users\nrgen\.codex\scratch\SATquery AI\results\integration-check.json,$[0].seconds,13.744
C:\Users\nrgen\.codex\scratch\SATquery AI\results\integration-check.json,$[1].seconds,0.368
C:\Users\nrgen\.codex\scratch\SATquery AI\results\ndvi-integration.json,$.seconds,0.061
C:\Users\nrgen\.codex\scratch\SATquery AI\results\ndvi-invalid-v1.json,$.seconds,0.074
C:\Users\nrgen\.codex\scratch\SATquery AI\results\open-vqa-20260909\live-forza.json,$[0].trace[0].seconds,8.569
C:\Users\nrgen\.codex\scratch\SATquery AI\results\open-vqa-20260909\live-forza.json,$[0].trace[1].seconds,6.35
C:\Users\nrgen\.codex\scratch\SATquery AI\results\open-vqa-20260909\live-forza.json,$[0].seconds,22.986
C:\Users\nrgen\.codex\scratch\SATquery AI\results\open-vqa-20260909\live-forza.json,$[0].generation_seconds,6.35
C:\Users\nrgen\.codex\scratch\SATquery AI\results\open-vqa-20260909\live-forza.json,$[0].peak_allocated_GiB,4.296
C:\Users\nrgen\.codex\scratch\SATquery AI\results\open-vqa-20260909\live-forza.json,$[1].trace[0].seconds,1.415
C:\Users\nrgen\.codex\scratch\SATquery AI\results\open-vqa-20260909\live-forza.json,$[1].seconds,1.665
C:\Users\nrgen\.codex\scratch\SATquery AI\results\open-vqa-20260909\live-forza.json,$[1].generation_seconds,1.415
C:\Users\nrgen\.codex\scratch\SATquery AI\results\open-vqa-20260909\live-forza.json,$[1].peak_allocated_GiB,4.294
C:\Users\nrgen\.codex\scratch\SATquery AI\results\pilot-v1.json,$.trainable_parameters,544768
C:\Users\nrgen\.codex\scratch\SATquery AI\results\pilot-v1.json,$.seconds,190.024222655
C:\Users\nrgen\.codex\scratch\SATquery AI\results\pilot-v1.json,$.peak_allocated_GiB,4.454071998596191
C:\Users\nrgen\.codex\scratch\SATquery AI\results\reliability-20260907\assam-monsoon-0.3-live.json,$.seconds,0.2
C:\Users\nrgen\.codex\scratch\SATquery AI\results\reliability-20260907\assam-monsoon-0.5-live.json,$.seconds,0.197
C:\Users\nrgen\.codex\scratch\SATquery AI\results\reliability-20260907\assam-monsoon-0.7-live.json,$.seconds,0.184
C:\Users\nrgen\.codex\scratch\SATquery AI\results\reliability-20260907\bengaluru-lake-city-0.3-live.json,$.seconds,0.191
C:\Users\nrgen\.codex\scratch\SATquery AI\results\reliability-20260907\bengaluru-lake-city-0.5-live.json,$.seconds,0.182
C:\Users\nrgen\.codex\scratch\SATquery AI\results\reliability-20260907\bengaluru-lake-city-0.7-live.json,$.seconds,0.168
C:\Users\nrgen\.codex\scratch\SATquery AI\results\reliability-20260907\counting\development-predictions.json,$[0].seconds,1.7351271619991167
C:\Users\nrgen\.codex\scratch\SATquery AI\results\reliability-20260907\counting\development-predictions.json,$[1].seconds,0.34516268400147965
C:\Users\nrgen\.codex\scratch\SATquery AI\results\reliability-20260907\counting\development-predictions.json,$[2].seconds,0.30938785699981963
C:\Users\nrgen\.codex\scratch\SATquery AI\results\reliability-20260907\counting\development-predictions.json,$[3].seconds,0.19126890699953947
C:\Users\nrgen\.codex\scratch\SATquery AI\results\reliability-20260907\counting\development-predictions.json,$[4].seconds,0.21313354399899254
C:\Users\nrgen\.codex\scratch\SATquery AI\results\reliability-20260907\counting\development-predictions.json,$[5].seconds,0.19668937800088315
C:\Users\nrgen\.codex\scratch\SATquery AI\results\reliability-20260907\counting\development-predictions.json,$[6].seconds,1.5706083889999718
C:\Users\nrgen\.codex\scratch\SATquery AI\results\reliability-20260907\counting\development-predictions.json,$[7].seconds,0.1982377889999043
C:\Users\nrgen\.codex\scratch\SATquery AI\results\reliability-20260907\counting\development-predictions.json,$[8].seconds,0.22477862699997786
C:\Users\nrgen\.codex\scratch\SATquery AI\results\reliability-20260907\counting\live-predictions.json,$[0].run.trace[0].seconds,0.767
C:\Users\nrgen\.codex\scratch\SATquery AI\results\reliability-20260907\counting\live-predictions.json,$[0].run.counting.views[0].seconds,0.4514000739999915
C:\Users\nrgen\.codex\scratch\SATquery AI\results\reliability-20260907\counting\live-predictions.json,$[0].run.counting.views[1].seconds,0.3159516360000225
C:\Users\nrgen\.codex\scratch\SATquery AI\results\reliability-20260907\counting\live-predictions.json,$[0].run.counting.generation_seconds,0.767
C:\Users\nrgen\.codex\scratch\SATquery AI\results\reliability-20260907\counting\live-predictions.json,$[0].run.counting.peak_allocated_GiB,4.315
C:\Users\nrgen\.codex\scratch\SATquery AI\results\reliability-20260907\counting\live-predictions.json,$[0].run.answer_validation.views[0].seconds,0.4514000739999915
C:\Users\nrgen\.codex\scratch\SATquery AI\results\reliability-20260907\counting\live-predictions.json,$[0].run.answer_validation.views[1].seconds,0.3159516360000225
C:\Users\nrgen\.codex\scratch\SATquery AI\results\reliability-20260907\counting\live-predictions.json,$[0].run.answer_validation.generation_seconds,0.767
C:\Users\nrgen\.codex\scratch\SATquery AI\results\reliability-20260907\counting\live-predictions.json,$[0].run.answer_validation.peak_allocated_GiB,4.315
C:\Users\nrgen\.codex\scratch\SATquery AI\results\reliability-20260907\counting\live-predictions.json,$[0].run.seconds,0.88
C:\Users\nrgen\.codex\scratch\SATquery AI\results\reliability-20260907\counting\live-predictions.json,$[0].run.generation_seconds,0.767
C:\Users\nrgen\.codex\scratch\SATquery AI\results\reliability-20260907\counting\live-predictions.json,$[0].run.peak_allocated_GiB,4.315
C:\Users\nrgen\.codex\scratch\SATquery AI\results\reliability-20260907\counting\live-predictions.json,$[1].run.trace[0].seconds,0.65
C:\Users\nrgen\.codex\scratch\SATquery AI\results\reliability-20260907\counting\live-predictions.json,$[1].run.counting.views[0].seconds,0.3302118150000126
C:\Users\nrgen\.codex\scratch\SATquery AI\results\reliability-20260907\counting\live-predictions.json,$[1].run.counting.views[1].seconds,0.32001910400001066
C:\Users\nrgen\.codex\scratch\SATquery AI\results\reliability-20260907\counting\live-predictions.json,$[1].run.counting.generation_seconds,0.65
C:\Users\nrgen\.codex\scratch\SATquery AI\results\reliability-20260907\counting\live-predictions.json,$[1].run.counting.peak_allocated_GiB,4.315
C:\Users\nrgen\.codex\scratch\SATquery AI\results\reliability-20260907\counting\live-predictions.json,$[1].run.answer_validation.views[0].seconds,0.3302118150000126
C:\Users\nrgen\.codex\scratch\SATquery AI\results\reliability-20260907\counting\live-predictions.json,$[1].run.answer_validation.views[1].seconds,0.32001910400001066
C:\Users\nrgen\.codex\scratch\SATquery AI\results\reliability-20260907\counting\live-predictions.json,$[1].run.answer_validation.generation_seconds,0.65
C:\Users\nrgen\.codex\scratch\SATquery AI\results\reliability-20260907\counting\live-predictions.json,$[1].run.answer_validation.peak_allocated_GiB,4.315
C:\Users\nrgen\.codex\scratch\SATquery AI\results\reliability-20260907\counting\live-predictions.json,$[1].run.seconds,0.729
C:\Users\nrgen\.codex\scratch\SATquery AI\results\reliability-20260907\counting\live-predictions.json,$[1].run.generation_seconds,0.65
C:\Users\nrgen\.codex\scratch\SATquery AI\results\reliability-20260907\counting\live-predictions.json,$[1].run.peak_allocated_GiB,4.315
C:\Users\nrgen\.codex\scratch\SATquery AI\results\reliability-20260907\counting\live-predictions.json,$[2].run.trace[0].seconds,0.651
C:\Users\nrgen\.codex\scratch\SATquery AI\results\reliability-20260907\counting\live-predictions.json,$[2].run.counting.views[0].seconds,0.32742764599998964
C:\Users\nrgen\.codex\scratch\SATquery AI\results\reliability-20260907\counting\live-predictions.json,$[2].run.counting.views[1].seconds,0.323625920000012
C:\Users\nrgen\.codex\scratch\SATquery AI\results\reliability-20260907\counting\live-predictions.json,$[2].run.counting.generation_seconds,0.651
C:\Users\nrgen\.codex\scratch\SATquery AI\results\reliability-20260907\counting\live-predictions.json,$[2].run.counting.peak_allocated_GiB,4.315
C:\Users\nrgen\.codex\scratch\SATquery AI\results\reliability-20260907\counting\live-predictions.json,$[2].run.answer_validation.views[0].seconds,0.32742764599998964
C:\Users\nrgen\.codex\scratch\SATquery AI\results\reliability-20260907\counting\live-predictions.json,$[2].run.answer_validation.views[1].seconds,0.323625920000012
C:\Users\nrgen\.codex\scratch\SATquery AI\results\reliability-20260907\counting\live-predictions.json,$[2].run.answer_validation.generation_seconds,0.651
C:\Users\nrgen\.codex\scratch\SATquery AI\results\reliability-20260907\counting\live-predictions.json,$[2].run.answer_validation.peak_allocated_GiB,4.315
C:\Users\nrgen\.codex\scratch\SATquery AI\results\reliability-20260907\counting\live-predictions.json,$[2].run.seconds,0.726
C:\Users\nrgen\.codex\scratch\SATquery AI\results\reliability-20260907\counting\live-predictions.json,$[2].run.generation_seconds,0.651
C:\Users\nrgen\.codex\scratch\SATquery AI\results\reliability-20260907\counting\live-predictions.json,$[2].run.peak_allocated_GiB,4.315
C:\Users\nrgen\.codex\scratch\SATquery AI\results\reliability-20260907\counting\live-predictions.json,$[3].run.trace[0].seconds,0.405
C:\Users\nrgen\.codex\scratch\SATquery AI\results\reliability-20260907\counting\live-predictions.json,$[3].run.counting.views[0].seconds,0.2049809560000142
C:\Users\nrgen\.codex\scratch\SATquery AI\results\reliability-20260907\counting\live-predictions.json,$[3].run.counting.views[1].seconds,0.19953843300001495
C:\Users\nrgen\.codex\scratch\SATquery AI\results\reliability-20260907\counting\live-predictions.json,$[3].run.counting.generation_seconds,0.405
C:\Users\nrgen\.codex\scratch\SATquery AI\results\reliability-20260907\counting\live-predictions.json,$[3].run.counting.peak_allocated_GiB,4.248
C:\Users\nrgen\.codex\scratch\SATquery AI\results\reliability-20260907\counting\live-predictions.json,$[3].run.answer_validation.views[0].seconds,0.2049809560000142
C:\Users\nrgen\.codex\scratch\SATquery AI\results\reliability-20260907\counting\live-predictions.json,$[3].run.answer_validation.views[1].seconds,0.19953843300001495
C:\Users\nrgen\.codex\scratch\SATquery AI\results\reliability-20260907\counting\live-predictions.json,$[3].run.answer_validation.generation_seconds,0.405
C:\Users\nrgen\.codex\scratch\SATquery AI\results\reliability-20260907\counting\live-predictions.json,$[3].run.answer_validation.peak_allocated_GiB,4.248
C:\Users\nrgen\.codex\scratch\SATquery AI\results\reliability-20260907\counting\live-predictions.json,$[3].run.seconds,0.438
C:\Users\nrgen\.codex\scratch\SATquery AI\results\reliability-20260907\counting\live-predictions.json,$[3].run.generation_seconds,0.405
C:\Users\nrgen\.codex\scratch\SATquery AI\results\reliability-20260907\counting\live-predictions.json,$[3].run.peak_allocated_GiB,4.248
C:\Users\nrgen\.codex\scratch\SATquery AI\results\reliability-20260907\counting\live-predictions.json,$[4].run.trace[0].seconds,0.397
C:\Users\nrgen\.codex\scratch\SATquery AI\results\reliability-20260907\counting\live-predictions.json,$[4].run.counting.views[0].seconds,0.20108838999999534
C:\Users\nrgen\.codex\scratch\SATquery AI\results\reliability-20260907\counting\live-predictions.json,$[4].run.counting.views[1].seconds,0.1960351360000061
C:\Users\nrgen\.codex\scratch\SATquery AI\results\reliability-20260907\counting\live-predictions.json,$[4].run.counting.generation_seconds,0.397
C:\Users\nrgen\.codex\scratch\SATquery AI\results\reliability-20260907\counting\live-predictions.json,$[4].run.counting.peak_allocated_GiB,4.243
C:\Users\nrgen\.codex\scratch\SATquery AI\results\reliability-20260907\counting\live-predictions.json,$[4].run.answer_validation.views[0].seconds,0.20108838999999534
C:\Users\nrgen\.codex\scratch\SATquery AI\results\reliability-20260907\counting\live-predictions.json,$[4].run.answer_validation.views[1].seconds,0.1960351360000061
C:\Users\nrgen\.codex\scratch\SATquery AI\results\reliability-20260907\counting\live-predictions.json,$[4].run.answer_validation.generation_seconds,0.397
C:\Users\nrgen\.codex\scratch\SATquery AI\results\reliability-20260907\counting\live-predictions.json,$[4].run.answer_validation.peak_allocated_GiB,4.243
C:\Users\nrgen\.codex\scratch\SATquery AI\results\reliability-20260907\counting\live-predictions.json,$[4].run.seconds,0.429
C:\Users\nrgen\.codex\scratch\SATquery AI\results\reliability-20260907\counting\live-predictions.json,$[4].run.generation_seconds,0.397
C:\Users\nrgen\.codex\scratch\SATquery AI\results\reliability-20260907\counting\live-predictions.json,$[4].run.peak_allocated_GiB,4.243
C:\Users\nrgen\.codex\scratch\SATquery AI\results\reliability-20260907\counting\live-predictions.json,$[5].run.trace[0].seconds,0.404
C:\Users\nrgen\.codex\scratch\SATquery AI\results\reliability-20260907\counting\live-predictions.json,$[5].run.counting.views[0].seconds,0.20479910500000642
C:\Users\nrgen\.codex\scratch\SATquery AI\results\reliability-20260907\counting\live-predictions.json,$[5].run.counting.views[1].seconds,0.1995547369999997
C:\Users\nrgen\.codex\scratch\SATquery AI\results\reliability-20260907\counting\live-predictions.json,$[5].run.counting.generation_seconds,0.404
C:\Users\nrgen\.codex\scratch\SATquery AI\results\reliability-20260907\counting\live-predictions.json,$[5].run.counting.peak_allocated_GiB,4.247
C:\Users\nrgen\.codex\scratch\SATquery AI\results\reliability-20260907\counting\live-predictions.json,$[5].run.answer_validation.views[0].seconds,0.20479910500000642
C:\Users\nrgen\.codex\scratch\SATquery AI\results\reliability-20260907\counting\live-predictions.json,$[5].run.answer_validation.views[1].seconds,0.1995547369999997
C:\Users\nrgen\.codex\scratch\SATquery AI\results\reliability-20260907\counting\live-predictions.json,$[5].run.answer_validation.generation_seconds,0.404
C:\Users\nrgen\.codex\scratch\SATquery AI\results\reliability-20260907\counting\live-predictions.json,$[5].run.answer_validation.peak_allocated_GiB,4.247
C:\Users\nrgen\.codex\scratch\SATquery AI\results\reliability-20260907\counting\live-predictions.json,$[5].run.seconds,0.444
C:\Users\nrgen\.codex\scratch\SATquery AI\results\reliability-20260907\counting\live-predictions.json,$[5].run.generation_seconds,0.404
C:\Users\nrgen\.codex\scratch\SATquery AI\results\reliability-20260907\counting\live-predictions.json,$[5].run.peak_allocated_GiB,4.247
C:\Users\nrgen\.codex\scratch\SATquery AI\results\reliability-20260907\counting\live-predictions.json,$[6].run.trace[0].seconds,0.0
C:\Users\nrgen\.codex\scratch\SATquery AI\results\reliability-20260907\counting\live-predictions.json,$[6].run.counting.generation_seconds,0.0
C:\Users\nrgen\.codex\scratch\SATquery AI\results\reliability-20260907\counting\live-predictions.json,$[6].run.counting.peak_allocated_GiB,0.0
C:\Users\nrgen\.codex\scratch\SATquery AI\results\reliability-20260907\counting\live-predictions.json,$[6].run.answer_validation.generation_seconds,0.0
C:\Users\nrgen\.codex\scratch\SATquery AI\results\reliability-20260907\counting\live-predictions.json,$[6].run.answer_validation.peak_allocated_GiB,0.0
C:\Users\nrgen\.codex\scratch\SATquery AI\results\reliability-20260907\counting\live-predictions.json,$[6].run.seconds,0.003
C:\Users\nrgen\.codex\scratch\SATquery AI\results\reliability-20260907\counting\live-predictions.json,$[6].run.generation_seconds,0.0
C:\Users\nrgen\.codex\scratch\SATquery AI\results\reliability-20260907\counting\live-predictions.json,$[6].run.peak_allocated_GiB,0.0
C:\Users\nrgen\.codex\scratch\SATquery AI\results\reliability-20260907\counting\live-predictions.json,$[7].run.trace[0].seconds,0.366
C:\Users\nrgen\.codex\scratch\SATquery AI\results\reliability-20260907\counting\live-predictions.json,$[7].run.counting.views[0].seconds,0.18752762399998346
C:\Users\nrgen\.codex\scratch\SATquery AI\results\reliability-20260907\counting\live-predictions.json,$[7].run.counting.views[1].seconds,0.17863795899998536
C:\Users\nrgen\.codex\scratch\SATquery AI\results\reliability-20260907\counting\live-predictions.json,$[7].run.counting.generation_seconds,0.366
C:\Users\nrgen\.codex\scratch\SATquery AI\results\reliability-20260907\counting\live-predictions.json,$[7].run.counting.peak_allocated_GiB,4.237
C:\Users\nrgen\.codex\scratch\SATquery AI\results\reliability-20260907\counting\live-predictions.json,$[7].run.answer_validation.views[0].seconds,0.18752762399998346
C:\Users\nrgen\.codex\scratch\SATquery AI\results\reliability-20260907\counting\live-predictions.json,$[7].run.answer_validation.views[1].seconds,0.17863795899998536
C:\Users\nrgen\.codex\scratch\SATquery AI\results\reliability-20260907\counting\live-predictions.json,$[7].run.answer_validation.generation_seconds,0.366
C:\Users\nrgen\.codex\scratch\SATquery AI\results\reliability-20260907\counting\live-predictions.json,$[7].run.answer_validation.peak_allocated_GiB,4.237
C:\Users\nrgen\.codex\scratch\SATquery AI\results\reliability-20260907\counting\live-predictions.json,$[7].run.seconds,0.401
C:\Users\nrgen\.codex\scratch\SATquery AI\results\reliability-20260907\counting\live-predictions.json,$[7].run.generation_seconds,0.366
C:\Users\nrgen\.codex\scratch\SATquery AI\results\reliability-20260907\counting\live-predictions.json,$[7].run.peak_allocated_GiB,4.237
C:\Users\nrgen\.codex\scratch\SATquery AI\results\reliability-20260907\counting\live-predictions.json,$[8].run.trace[0].seconds,0.436
C:\Users\nrgen\.codex\scratch\SATquery AI\results\reliability-20260907\counting\live-predictions.json,$[8].run.counting.views[0].seconds,0.22246937099998831
C:\Users\nrgen\.codex\scratch\SATquery AI\results\reliability-20260907\counting\live-predictions.json,$[8].run.counting.views[1].seconds,0.21337165400001368
C:\Users\nrgen\.codex\scratch\SATquery AI\results\reliability-20260907\counting\live-predictions.json,$[8].run.counting.generation_seconds,0.436
C:\Users\nrgen\.codex\scratch\SATquery AI\results\reliability-20260907\counting\live-predictions.json,$[8].run.counting.peak_allocated_GiB,4.261
C:\Users\nrgen\.codex\scratch\SATquery AI\results\reliability-20260907\counting\live-predictions.json,$[8].run.answer_validation.views[0].seconds,0.22246937099998831
C:\Users\nrgen\.codex\scratch\SATquery AI\results\reliability-20260907\counting\live-predictions.json,$[8].run.answer_validation.views[1].seconds,0.21337165400001368
C:\Users\nrgen\.codex\scratch\SATquery AI\results\reliability-20260907\counting\live-predictions.json,$[8].run.answer_validation.generation_seconds,0.436
C:\Users\nrgen\.codex\scratch\SATquery AI\results\reliability-20260907\counting\live-predictions.json,$[8].run.answer_validation.peak_allocated_GiB,4.261
C:\Users\nrgen\.codex\scratch\SATquery AI\results\reliability-20260907\counting\live-predictions.json,$[8].run.seconds,0.48
C:\Users\nrgen\.codex\scratch\SATquery AI\results\reliability-20260907\counting\live-predictions.json,$[8].run.generation_seconds,0.436
C:\Users\nrgen\.codex\scratch\SATquery AI\results\reliability-20260907\counting\live-predictions.json,$[8].run.peak_allocated_GiB,4.261
C:\Users\nrgen\.codex\scratch\SATquery AI\results\reliability-20260907\dehradun-0.3-live.json,$.seconds,0.205
C:\Users\nrgen\.codex\scratch\SATquery AI\results\reliability-20260907\dehradun-0.5-live.json,$.seconds,0.161
C:\Users\nrgen\.codex\scratch\SATquery AI\results\reliability-20260907\dehradun-0.7-live.json,$.seconds,0.146
C:\Users\nrgen\.codex\scratch\SATquery AI\results\reliability-20260907\jaisalmer-arid-0.3-live.json,$.seconds,0.184
C:\Users\nrgen\.codex\scratch\SATquery AI\results\reliability-20260907\jaisalmer-arid-0.5-live.json,$.seconds,0.164
C:\Users\nrgen\.codex\scratch\SATquery AI\results\reliability-20260907\jaisalmer-arid-0.7-live.json,$.seconds,0.151
C:\Users\nrgen\.codex\scratch\SATquery AI\results\reliability-20260907\punjab-farmland-0.3-live.json,$.seconds,0.214
C:\Users\nrgen\.codex\scratch\SATquery AI\results\reliability-20260907\punjab-farmland-0.5-live.json,$.seconds,0.208
C:\Users\nrgen\.codex\scratch\SATquery AI\results\reliability-20260907\punjab-farmland-0.7-live.json,$.seconds,0.186
C:\Users\nrgen\.codex\scratch\SATquery AI\results\reliability-20260907\sundarbans-coast-0.3-live.json,$.seconds,0.217
C:\Users\nrgen\.codex\scratch\SATquery AI\results\reliability-20260907\sundarbans-coast-0.5-live.json,$.seconds,0.219
C:\Users\nrgen\.codex\scratch\SATquery AI\results\reliability-20260907\sundarbans-coast-0.7-live.json,$.seconds,0.209
C:\Users\nrgen\.codex\scratch\SATquery AI\paired_lab\evidence\controls\brightness-only\result.json,$.seconds,4.335012775999985
C:\Users\nrgen\.codex\scratch\SATquery AI\paired_lab\evidence\controls\identical-second-scene\result.json,$.seconds,0.891491751999979
C:\Users\nrgen\.codex\scratch\SATquery AI\paired_lab\evidence\controls\real-pair-negative-crop\result.json,$.seconds,0.9640275540000403
C:\Users\nrgen\.codex\scratch\SATquery AI\paired_lab\evidence\controls\summary.json,$[0].seconds,4.335012775999985
C:\Users\nrgen\.codex\scratch\SATquery AI\paired_lab\evidence\controls\summary.json,$[1].seconds,0.891491751999979
C:\Users\nrgen\.codex\scratch\SATquery AI\paired_lab\evidence\controls\summary.json,$[2].seconds,0.9640275540000403
C:\Users\nrgen\.codex\scratch\SATquery AI\paired_lab\evidence\first-trials\ben-test-26-57\result.json,$.seconds,0.05890381599999728
C:\Users\nrgen\.codex\scratch\SATquery AI\paired_lab\evidence\first-trials\ben-test-27-55\result.json,$.seconds,0.05268115500000192
C:\Users\nrgen\.codex\scratch\SATquery AI\paired_lab\evidence\first-trials\ben-test-27-56\result.json,$.seconds,0.05372601999999915
C:\Users\nrgen\.codex\scratch\SATquery AI\paired_lab\evidence\first-trials\ben-test-27-57\result.json,$.seconds,0.05409476900000243
C:\Users\nrgen\.codex\scratch\SATquery AI\paired_lab\evidence\first-trials\ben-test-27-58\result.json,$.seconds,0.059394386000008126
C:\Users\nrgen\.codex\scratch\SATquery AI\paired_lab\evidence\first-trials\ben-test-27-59\result.json,$.seconds,0.05424553100000651
C:\Users\nrgen\.codex\scratch\SATquery AI\paired_lab\evidence\first-trials\ben-validation-33-69\result.json,$.seconds,0.39144373299998847
C:\Users\nrgen\.codex\scratch\SATquery AI\paired_lab\evidence\first-trials\ben-validation-33-70\result.json,$.seconds,0.05660082099998931
C:\Users\nrgen\.codex\scratch\SATquery AI\paired_lab\evidence\first-trials\ben-validation-34-69\result.json,$.seconds,0.05276316600000541
C:\Users\nrgen\.codex\scratch\SATquery AI\paired_lab\evidence\first-trials\ben-validation-34-70\result.json,$.seconds,0.05436573299999736
C:\Users\nrgen\.codex\scratch\SATquery AI\paired_lab\evidence\first-trials\ben-validation-34-71\result.json,$.seconds,0.053608741999994436
C:\Users\nrgen\.codex\scratch\SATquery AI\paired_lab\evidence\first-trials\ben-validation-35-69\result.json,$.seconds,0.054109216000000515
C:\Users\nrgen\.codex\scratch\SATquery AI\paired_lab\evidence\first-trials\levir-test_102_0512_0000\result.json,$.seconds,5.704302506999994
C:\Users\nrgen\.codex\scratch\SATquery AI\paired_lab\evidence\first-trials\levir-test_102_0512_0000-identical\result.json,$.seconds,1.3091513299999917
C:\Users\nrgen\.codex\scratch\SATquery AI\paired_lab\evidence\first-trials\levir-test_121_0768_0256\result.json,$.seconds,1.0783063789999972
C:\Users\nrgen\.codex\scratch\SATquery AI\paired_lab\evidence\first-trials\levir-test_2_0000_0000\result.json,$.seconds,1.1435356200000086
C:\Users\nrgen\.codex\scratch\SATquery AI\paired_lab\evidence\first-trials\levir-test_2_0000_0512\result.json,$.seconds,1.1158128529999942
C:\Users\nrgen\.codex\scratch\SATquery AI\paired_lab\evidence\first-trials\levir-test_55_0256_0000\result.json,$.seconds,1.1255000520000067
C:\Users\nrgen\.codex\scratch\SATquery AI\paired_lab\evidence\first-trials\levir-test_77_0512_0256\result.json,$.seconds,1.1084832380000051
C:\Users\nrgen\.codex\scratch\SATquery AI\paired_lab\evidence\first-trials\levir-test_7_0256_0512\result.json,$.seconds,0.9838679909999968
C:\Users\nrgen\.codex\scratch\SATquery AI\paired_lab\evidence\first-trials\summary.json,$.temporal[0].seconds,5.704302506999994
C:\Users\nrgen\.codex\scratch\SATquery AI\paired_lab\evidence\first-trials\summary.json,$.temporal[1].seconds,1.3091513299999917
C:\Users\nrgen\.codex\scratch\SATquery AI\paired_lab\evidence\first-trials\summary.json,$.temporal[2].seconds,1.0783063789999972
C:\Users\nrgen\.codex\scratch\SATquery AI\paired_lab\evidence\first-trials\summary.json,$.temporal[3].seconds,1.1435356200000086
C:\Users\nrgen\.codex\scratch\SATquery AI\paired_lab\evidence\first-trials\summary.json,$.temporal[4].seconds,1.1158128529999942
C:\Users\nrgen\.codex\scratch\SATquery AI\paired_lab\evidence\first-trials\summary.json,$.temporal[5].seconds,1.1255000520000067
C:\Users\nrgen\.codex\scratch\SATquery AI\paired_lab\evidence\first-trials\summary.json,$.temporal[6].seconds,1.1084832380000051
C:\Users\nrgen\.codex\scratch\SATquery AI\paired_lab\evidence\first-trials\summary.json,$.temporal[7].seconds,0.9838679909999968
C:\Users\nrgen\.codex\scratch\SATquery AI\paired_lab\evidence\first-trials\summary.json,$.optical_sar[0].seconds,0.39144373299998847
C:\Users\nrgen\.codex\scratch\SATquery AI\paired_lab\evidence\first-trials\summary.json,$.optical_sar[1].seconds,0.05660082099998931
C:\Users\nrgen\.codex\scratch\SATquery AI\paired_lab\evidence\first-trials\summary.json,$.optical_sar[2].seconds,0.05276316600000541
C:\Users\nrgen\.codex\scratch\SATquery AI\paired_lab\evidence\first-trials\summary.json,$.optical_sar[3].seconds,0.05436573299999736
C:\Users\nrgen\.codex\scratch\SATquery AI\paired_lab\evidence\first-trials\summary.json,$.optical_sar[4].seconds,0.053608741999994436
C:\Users\nrgen\.codex\scratch\SATquery AI\paired_lab\evidence\first-trials\summary.json,$.optical_sar[5].seconds,0.054109216000000515
C:\Users\nrgen\.codex\scratch\SATquery AI\paired_lab\evidence\first-trials\summary.json,$.optical_sar[6].seconds,0.05890381599999728
C:\Users\nrgen\.codex\scratch\SATquery AI\paired_lab\evidence\first-trials\summary.json,$.optical_sar[7].seconds,0.05268115500000192
C:\Users\nrgen\.codex\scratch\SATquery AI\paired_lab\evidence\first-trials\summary.json,$.optical_sar[8].seconds,0.05372601999999915
C:\Users\nrgen\.codex\scratch\SATquery AI\paired_lab\evidence\first-trials\summary.json,$.optical_sar[9].seconds,0.05409476900000243
C:\Users\nrgen\.codex\scratch\SATquery AI\paired_lab\evidence\first-trials\summary.json,$.optical_sar[10].seconds,0.059394386000008126
C:\Users\nrgen\.codex\scratch\SATquery AI\paired_lab\evidence\first-trials\summary.json,$.optical_sar[11].seconds,0.05424553100000651
C:\Users\nrgen\.codex\scratch\SATquery AI\paired_lab\evidence\live-checks.json,$[1].detail.result.seconds,0.9167040950001137
C:\Users\nrgen\.codex\scratch\SATquery AI\paired_lab\evidence\live-checks.json,$[4].detail.result.seconds,0.07909596099989358
C:\Users\nrgen\.codex\scratch\SATquery AI\paired_lab\evidence\refinement.json,$.rows[0].seconds,0.028072871999938798
C:\Users\nrgen\.codex\scratch\SATquery AI\paired_lab\evidence\refinement.json,$.rows[1].seconds,0.018822729000021354
C:\Users\nrgen\.codex\scratch\SATquery AI\paired_lab\evidence\refinement.json,$.rows[2].seconds,0.017282658999988598
C:\Users\nrgen\.codex\scratch\SATquery AI\paired_lab\evidence\refinement.json,$.rows[3].seconds,0.01778114400008235
C:\Users\nrgen\.codex\scratch\SATquery AI\paired_lab\evidence\refinement.json,$.rows[4].seconds,0.017209289999982502
C:\Users\nrgen\.codex\scratch\SATquery AI\paired_lab\evidence\refinement.json,$.rows[5].seconds,0.018204867999997987
C:\Users\nrgen\.codex\scratch\SATquery AI\paired_lab\evidence\refinement.json,$.rows[6].seconds,0.018023814000002858
C:\Users\nrgen\.codex\scratch\SATquery AI\paired_lab\evidence\refinement.json,$.rows[7].seconds,0.017083158999980697
C:\Users\nrgen\.codex\scratch\SATquery AI\paired_lab\evidence\refinement.json,$.rows[8].seconds,0.016779375000055552
C:\Users\nrgen\.codex\scratch\SATquery AI\paired_lab\evidence\refinement.json,$.rows[9].seconds,0.02209749600001487
C:\Users\nrgen\.codex\scratch\SATquery AI\paired_lab\evidence\refinement.json,$.rows[10].seconds,0.019312587000058556
C:\Users\nrgen\.codex\scratch\SATquery AI\paired_lab\evidence\refinement.json,$.rows[11].seconds,0.01674944899991715
C:\Users\nrgen\.codex\scratch\SATquery AI\paired_lab\evidence\refinement.json,$.rows[12].seconds,0.02246805899994797
C:\Users\nrgen\.codex\scratch\SATquery AI\paired_lab\evidence\refinement.json,$.rows[13].seconds,0.019166500999972413
C:\Users\nrgen\.codex\scratch\SATquery AI\paired_lab\evidence\refinement.json,$.rows[14].seconds,0.019058466000046792
C:\Users\nrgen\.codex\scratch\SATquery AI\paired_lab\evidence\refinement.json,$.rows[15].seconds,0.019578321000039978
C:\Users\nrgen\.codex\scratch\SATquery AI\paired_lab\evidence\refinement.json,$.rows[16].seconds,0.0198342070000308
C:\Users\nrgen\.codex\scratch\SATquery AI\paired_lab\evidence\refinement.json,$.rows[17].seconds,0.019516875000022083
C:\Users\nrgen\.codex\scratch\SATquery AI\paired_lab\evidence\resumed\gpu-and-ablation.json,$.measurements[0].load_and_infer_seconds,6.67206161
C:\Users\nrgen\.codex\scratch\SATquery AI\paired_lab\evidence\resumed\gpu-and-ablation.json,$.measurements[0].allocated_MiB,167.59326171875
C:\Users\nrgen\.codex\scratch\SATquery AI\paired_lab\evidence\resumed\gpu-and-ablation.json,$.measurements[0].peak_allocated_MiB,461.15625
C:\Users\nrgen\.codex\scratch\SATquery AI\paired_lab\evidence\resumed\gpu-and-ablation.json,$.measurements[0].peak_reserved_MiB,624.0
C:\Users\nrgen\.codex\scratch\SATquery AI\paired_lab\evidence\resumed\gpu-and-ablation.json,$.measurements[1].load_and_infer_seconds,0.7311601389999982
C:\Users\nrgen\.codex\scratch\SATquery AI\paired_lab\evidence\resumed\gpu-and-ablation.json,$.measurements[1].allocated_MiB,98.28369140625
C:\Users\nrgen\.codex\scratch\SATquery AI\paired_lab\evidence\resumed\gpu-and-ablation.json,$.measurements[1].peak_allocated_MiB,113.09765625
C:\Users\nrgen\.codex\scratch\SATquery AI\paired_lab\evidence\resumed\gpu-and-ablation.json,$.measurements[1].peak_reserved_MiB,148.0
C:\Users\nrgen\.codex\scratch\SATquery AI\paired_lab\evidence\resumed\gpu-and-ablation.json,$.measurements[2].load_and_infer_seconds,0.4198196850000002
C:\Users\nrgen\.codex\scratch\SATquery AI\paired_lab\evidence\resumed\gpu-and-ablation.json,$.measurements[2].allocated_MiB,98.81884765625
C:\Users\nrgen\.codex\scratch\SATquery AI\paired_lab\evidence\resumed\gpu-and-ablation.json,$.measurements[2].peak_allocated_MiB,113.6328125
C:\Users\nrgen\.codex\scratch\SATquery AI\paired_lab\evidence\resumed\gpu-and-ablation.json,$.measurements[2].peak_reserved_MiB,148.0
C:\Users\nrgen\.codex\scratch\SATquery AI\paired_lab\evidence\resumed\gpu-and-ablation.json,$.measurements[3].load_and_infer_seconds,0.43339120299999934
C:\Users\nrgen\.codex\scratch\SATquery AI\paired_lab\evidence\resumed\gpu-and-ablation.json,$.measurements[3].allocated_MiB,98.95263671875
C:\Users\nrgen\.codex\scratch\SATquery AI\paired_lab\evidence\resumed\gpu-and-ablation.json,$.measurements[3].peak_allocated_MiB,113.7666015625
C:\Users\nrgen\.codex\scratch\SATquery AI\paired_lab\evidence\resumed\gpu-and-ablation.json,$.measurements[3].peak_reserved_MiB,148.0
C:\Users\nrgen\.codex\scratch\SATquery AI\paired_lab\evidence\resumed\live\01-vqa-before.json,$.seconds,1.259
C:\Users\nrgen\.codex\scratch\SATquery AI\paired_lab\evidence\resumed\live\01-vqa-before.json,$.trace[0].seconds,0.422
C:\Users\nrgen\.codex\scratch\SATquery AI\paired_lab\evidence\resumed\live\01-vqa-before.json,$.trace[1].seconds,0.706
C:\Users\nrgen\.codex\scratch\SATquery AI\paired_lab\evidence\resumed\live\02-temporal.json,$.seconds,11.20768405399997
C:\Users\nrgen\.codex\scratch\SATquery AI\paired_lab\evidence\resumed\live\03-water-india.json,$.seconds,1.0444292220000762
C:\Users\nrgen\.codex\scratch\SATquery AI\paired_lab\evidence\resumed\live\04-water-bolivia.json,$.seconds,0.8446748089999119
C:\Users\nrgen\.codex\scratch\SATquery AI\paired_lab\evidence\resumed\live\05-scene-fusion.json,$.seconds,1.0009180929999957
C:\Users\nrgen\.codex\scratch\SATquery AI\paired_lab\evidence\resumed\live\06-ndvi.json,$.seconds,0.219
C:\Users\nrgen\.codex\scratch\SATquery AI\paired_lab\evidence\resumed\live\07-vqa-after.json,$.seconds,0.995
C:\Users\nrgen\.codex\scratch\SATquery AI\paired_lab\evidence\resumed\live\07-vqa-after.json,$.trace[0].seconds,0.356
C:\Users\nrgen\.codex\scratch\SATquery AI\paired_lab\evidence\resumed\live\07-vqa-after.json,$.trace[1].seconds,0.612
C:\Users\nrgen\.codex\scratch\SATquery AI\paired_lab\evidence\resumed\live\08-rural-urban.json,$.seconds,1.824
C:\Users\nrgen\.codex\scratch\SATquery AI\paired_lab\evidence\resumed\live\08-rural-urban.json,$.trace[0].seconds,0.731
C:\Users\nrgen\.codex\scratch\SATquery AI\paired_lab\evidence\resumed\live\replay.json,$[0].elapsed_seconds,2.0508571149999852
C:\Users\nrgen\.codex\scratch\SATquery AI\paired_lab\evidence\resumed\live\replay.json,$[1].elapsed_seconds,11.87690880699995
C:\Users\nrgen\.codex\scratch\SATquery AI\paired_lab\evidence\resumed\live\replay.json,$[2].elapsed_seconds,1.701675350999949
C:\Users\nrgen\.codex\scratch\SATquery AI\paired_lab\evidence\resumed\live\replay.json,$[3].elapsed_seconds,1.1288065070000357
C:\Users\nrgen\.codex\scratch\SATquery AI\paired_lab\evidence\resumed\live\replay.json,$[4].elapsed_seconds,1.6058060880000085
C:\Users\nrgen\.codex\scratch\SATquery AI\paired_lab\evidence\resumed\live\replay.json,$[5].elapsed_seconds,1.0607396799999833
C:\Users\nrgen\.codex\scratch\SATquery AI\paired_lab\evidence\resumed\live\replay.json,$[6].elapsed_seconds,1.5237213970000312
C:\Users\nrgen\.codex\scratch\SATquery AI\paired_lab\evidence\resumed\live\replay.json,$[7].elapsed_seconds,2.530724276000001
C:\Users\nrgen\.codex\scratch\SATquery AI\paired_lab\evidence\resumed\mci\evaluation-gpu.json,$.seconds,47.357644647
C:\Users\nrgen\.codex\scratch\SATquery AI\paired_lab\evidence\resumed\mci\evaluation-gpu.json,$.peak_allocated_MiB,582.9306640625
C:\Users\nrgen\.codex\scratch\SATquery AI\paired_lab\evidence\resumed\mci\evaluation-gpu.json,$.peak_reserved_MiB,648.0
C:\Users\nrgen\.codex\scratch\SATquery AI\paired_lab\evidence\resumed\mci\evaluation-incorrect-palette-superseded.json,$.seconds,47.357644647
C:\Users\nrgen\.codex\scratch\SATquery AI\paired_lab\evidence\resumed\mci\evaluation-incorrect-palette-superseded.json,$.peak_allocated_MiB,582.9306640625
C:\Users\nrgen\.codex\scratch\SATquery AI\paired_lab\evidence\resumed\mci\evaluation-incorrect-palette-superseded.json,$.peak_reserved_MiB,648.0
C:\Users\nrgen\.codex\scratch\SATquery AI\paired_lab\evidence\resumed\mci\evaluation.json,$.seconds,47.357644647
C:\Users\nrgen\.codex\scratch\SATquery AI\paired_lab\evidence\resumed\mci\evaluation.json,$.peak_allocated_MiB,582.9306640625
C:\Users\nrgen\.codex\scratch\SATquery AI\paired_lab\evidence\resumed\mci\evaluation.json,$.peak_reserved_MiB,648.0
C:\Users\nrgen\.codex\scratch\SATquery AI\paired_lab\evidence\resumed\mci\evaluation.json,$.served_precision_verification.seconds,39.77345546799995
C:\Users\nrgen\.codex\scratch\SATquery AI\paired_lab\evidence\resumed\water-evaluation.json,$.parameters,1966130
C:\Users\nrgen\.codex\scratch\SATquery AI\paired_lab\evidence\resumed\water-evaluation.json,$.training_seconds,319.219414354
C:\Users\nrgen\.codex\scratch\SATquery AI\paired_lab\evidence\resumed\water-evaluation.json,$.training_peak_allocated_MiB,1001.48193359375
C:\Users\nrgen\.codex\scratch\SATquery AI\paired_lab\evidence\resumed\water-evaluation.json,$.training_peak_reserved_MiB,1068.0
C:\Users\nrgen\.codex\scratch\SATquery AI\paired_lab\evidence\resumed\water-evaluation.json,$.history[0].elapsed_seconds,56.99938002600001
C:\Users\nrgen\.codex\scratch\SATquery AI\paired_lab\evidence\resumed\water-evaluation.json,$.history[1].elapsed_seconds,67.059833916
C:\Users\nrgen\.codex\scratch\SATquery AI\paired_lab\evidence\resumed\water-evaluation.json,$.history[2].elapsed_seconds,77.046447707
C:\Users\nrgen\.codex\scratch\SATquery AI\paired_lab\evidence\resumed\water-evaluation.json,$.history[3].elapsed_seconds,88.129655845
C:\Users\nrgen\.codex\scratch\SATquery AI\paired_lab\evidence\resumed\water-evaluation.json,$.history[4].elapsed_seconds,98.86003197500003
C:\Users\nrgen\.codex\scratch\SATquery AI\paired_lab\evidence\resumed\water-evaluation.json,$.history[5].elapsed_seconds,111.735455693
C:\Users\nrgen\.codex\scratch\SATquery AI\paired_lab\evidence\resumed\water-evaluation.json,$.history[6].elapsed_seconds,121.84543414900003
C:\Users\nrgen\.codex\scratch\SATquery AI\paired_lab\evidence\resumed\water-evaluation.json,$.history[7].elapsed_seconds,129.873009173
C:\Users\nrgen\.codex\scratch\SATquery AI\paired_lab\evidence\resumed\water-evaluation.json,$.history[8].elapsed_seconds,137.49376941999998
C:\Users\nrgen\.codex\scratch\SATquery AI\paired_lab\evidence\resumed\water-evaluation.json,$.history[9].elapsed_seconds,145.86655375200002
C:\Users\nrgen\.codex\scratch\SATquery AI\paired_lab\evidence\resumed\water-evaluation.json,$.history[10].elapsed_seconds,154.180259955
C:\Users\nrgen\.codex\scratch\SATquery AI\paired_lab\evidence\resumed\water-evaluation.json,$.history[11].elapsed_seconds,160.63870962100003
C:\Users\nrgen\.codex\scratch\SATquery AI\paired_lab\evidence\resumed\water-evaluation.json,$.history[12].elapsed_seconds,166.709216175
C:\Users\nrgen\.codex\scratch\SATquery AI\paired_lab\evidence\resumed\water-evaluation.json,$.history[13].elapsed_seconds,172.76999221
C:\Users\nrgen\.codex\scratch\SATquery AI\paired_lab\evidence\resumed\water-evaluation.json,$.history[14].elapsed_seconds,178.880444185
C:\Users\nrgen\.codex\scratch\SATquery AI\paired_lab\evidence\resumed\water-evaluation.json,$.history[15].elapsed_seconds,184.972891066
C:\Users\nrgen\.codex\scratch\SATquery AI\paired_lab\evidence\resumed\water-evaluation.json,$.history[16].elapsed_seconds,191.152828861
C:\Users\nrgen\.codex\scratch\SATquery AI\paired_lab\evidence\resumed\water-evaluation.json,$.history[17].elapsed_seconds,197.47946018099998
C:\Users\nrgen\.codex\scratch\SATquery AI\paired_lab\evidence\resumed\water-evaluation.json,$.history[18].elapsed_seconds,205.272585439
C:\Users\nrgen\.codex\scratch\SATquery AI\paired_lab\evidence\resumed\water-evaluation.json,$.history[19].elapsed_seconds,212.89378958000003
C:\Users\nrgen\.codex\scratch\SATquery AI\paired_lab\evidence\resumed\water-evaluation.json,$.history[20].elapsed_seconds,218.888717191
C:\Users\nrgen\.codex\scratch\SATquery AI\paired_lab\evidence\resumed\water-evaluation.json,$.history[21].elapsed_seconds,229.77114637
C:\Users\nrgen\.codex\scratch\SATquery AI\paired_lab\evidence\resumed\water-evaluation.json,$.history[22].elapsed_seconds,238.35887765
C:\Users\nrgen\.codex\scratch\SATquery AI\paired_lab\evidence\resumed\water-evaluation.json,$.history[23].elapsed_seconds,246.25793434899998
C:\Users\nrgen\.codex\scratch\SATquery AI\paired_lab\evidence\resumed\water-evaluation.json,$.history[24].elapsed_seconds,253.883398601
C:\Users\nrgen\.codex\scratch\SATquery AI\paired_lab\evidence\resumed\water-evaluation.json,$.history[25].elapsed_seconds,261.353046514
C:\Users\nrgen\.codex\scratch\SATquery AI\paired_lab\evidence\resumed\water-evaluation.json,$.history[26].elapsed_seconds,267.416568829
C:\Users\nrgen\.codex\scratch\SATquery AI\paired_lab\evidence\resumed\water-evaluation.json,$.history[27].elapsed_seconds,273.402374193
C:\Users\nrgen\.codex\scratch\SATquery AI\paired_lab\evidence\resumed\water-evaluation.json,$.history[28].elapsed_seconds,279.48507448600003
C:\Users\nrgen\.codex\scratch\SATquery AI\paired_lab\evidence\resumed\water-evaluation.json,$.history[29].elapsed_seconds,285.685351288
C:\Users\nrgen\.codex\scratch\SATquery AI\paired_lab\evidence\resumed\water-evaluation.json,$.history[30].elapsed_seconds,291.958395268
C:\Users\nrgen\.codex\scratch\SATquery AI\paired_lab\evidence\resumed\water-evaluation.json,$.history[31].elapsed_seconds,298.434375153
C:\Users\nrgen\.codex\scratch\SATquery AI\paired_lab\evidence\resumed\water-evaluation.json,$.history[32].elapsed_seconds,306.089916053
C:\Users\nrgen\.codex\scratch\SATquery AI\paired_lab\evidence\resumed\water-evaluation.json,$.history[33].elapsed_seconds,312.68899039400003
C:\Users\nrgen\.codex\scratch\SATquery AI\paired_lab\evidence\resumed\water-evaluation.json,$.history[34].elapsed_seconds,319.145410052
C:\Users\nrgen\.codex\scratch\SATquery AI\paired_lab\evidence\resumed\water-evaluation.json,$.cpu_evaluation_seconds,71.70842054799999
C:\Users\nrgen\.codex\scratch\SATquery AI\paired_lab\evidence\resumed\water-gpu-memory.json,$.parameters,1966130
C:\Users\nrgen\.codex\scratch\SATquery AI\paired_lab\evidence\resumed\water-gpu-memory.json,$.inference_seconds,1.7801765859999996
C:\Users\nrgen\.codex\scratch\SATquery AI\paired_lab\evidence\resumed\water-gpu-memory.json,$.peak_allocated_MiB,191.51904296875
C:\Users\nrgen\.codex\scratch\SATquery AI\paired_lab\evidence\resumed\water-gpu-memory.json,$.peak_reserved_MiB,264.0
C:\Users\nrgen\.codex\scratch\SATquery AI\paired_lab\evidence\selected-trials\ben-test-26-57\result.json,$.seconds,0.0773166259999698
C:\Users\nrgen\.codex\scratch\SATquery AI\paired_lab\evidence\selected-trials\ben-test-27-55\result.json,$.seconds,0.0791216819999363
C:\Users\nrgen\.codex\scratch\SATquery AI\paired_lab\evidence\selected-trials\ben-test-27-56\result.json,$.seconds,0.07838670300009198
C:\Users\nrgen\.codex\scratch\SATquery AI\paired_lab\evidence\selected-trials\ben-test-27-57\result.json,$.seconds,0.08277993299998343
C:\Users\nrgen\.codex\scratch\SATquery AI\paired_lab\evidence\selected-trials\ben-test-27-58\result.json,$.seconds,0.07872646900000291
C:\Users\nrgen\.codex\scratch\SATquery AI\paired_lab\evidence\selected-trials\ben-test-27-59\result.json,$.seconds,0.07538675800003602
C:\Users\nrgen\.codex\scratch\SATquery AI\paired_lab\evidence\selected-trials\ben-validation-33-69\result.json,$.seconds,2.834320944999945
C:\Users\nrgen\.codex\scratch\SATquery AI\paired_lab\evidence\selected-trials\ben-validation-33-70\result.json,$.seconds,0.07825639800000772
C:\Users\nrgen\.codex\scratch\SATquery AI\paired_lab\evidence\selected-trials\ben-validation-34-69\result.json,$.seconds,0.08044205100009094
C:\Users\nrgen\.codex\scratch\SATquery AI\paired_lab\evidence\selected-trials\ben-validation-34-70\result.json,$.seconds,0.07626141699995515
C:\Users\nrgen\.codex\scratch\SATquery AI\paired_lab\evidence\selected-trials\ben-validation-34-71\result.json,$.seconds,0.07844904900002803
C:\Users\nrgen\.codex\scratch\SATquery AI\paired_lab\evidence\selected-trials\ben-validation-35-69\result.json,$.seconds,0.0778409100000772
C:\Users\nrgen\.codex\scratch\SATquery AI\paired_lab\evidence\selected-trials\summary.json,$.temporal[0].seconds,5.704302506999994
C:\Users\nrgen\.codex\scratch\SATquery AI\paired_lab\evidence\selected-trials\summary.json,$.temporal[1].seconds,1.3091513299999917
C:\Users\nrgen\.codex\scratch\SATquery AI\paired_lab\evidence\selected-trials\summary.json,$.temporal[2].seconds,1.0783063789999972
C:\Users\nrgen\.codex\scratch\SATquery AI\paired_lab\evidence\selected-trials\summary.json,$.temporal[3].seconds,1.1435356200000086
C:\Users\nrgen\.codex\scratch\SATquery AI\paired_lab\evidence\selected-trials\summary.json,$.temporal[4].seconds,1.1158128529999942
C:\Users\nrgen\.codex\scratch\SATquery AI\paired_lab\evidence\selected-trials\summary.json,$.temporal[5].seconds,1.1255000520000067
C:\Users\nrgen\.codex\scratch\SATquery AI\paired_lab\evidence\selected-trials\summary.json,$.temporal[6].seconds,1.1084832380000051
C:\Users\nrgen\.codex\scratch\SATquery AI\paired_lab\evidence\selected-trials\summary.json,$.temporal[7].seconds,0.9838679909999968
C:\Users\nrgen\.codex\scratch\SATquery AI\paired_lab\evidence\selected-trials\summary.json,$.optical_sar[0].seconds,2.834320944999945
C:\Users\nrgen\.codex\scratch\SATquery AI\paired_lab\evidence\selected-trials\summary.json,$.optical_sar[1].seconds,0.07825639800000772
C:\Users\nrgen\.codex\scratch\SATquery AI\paired_lab\evidence\selected-trials\summary.json,$.optical_sar[2].seconds,0.08044205100009094
C:\Users\nrgen\.codex\scratch\SATquery AI\paired_lab\evidence\selected-trials\summary.json,$.optical_sar[3].seconds,0.07626141699995515
C:\Users\nrgen\.codex\scratch\SATquery AI\paired_lab\evidence\selected-trials\summary.json,$.optical_sar[4].seconds,0.07844904900002803
C:\Users\nrgen\.codex\scratch\SATquery AI\paired_lab\evidence\selected-trials\summary.json,$.optical_sar[5].seconds,0.0778409100000772
C:\Users\nrgen\.codex\scratch\SATquery AI\paired_lab\evidence\selected-trials\summary.json,$.optical_sar[6].seconds,0.0773166259999698
C:\Users\nrgen\.codex\scratch\SATquery AI\paired_lab\evidence\selected-trials\summary.json,$.optical_sar[7].seconds,0.0791216819999363
C:\Users\nrgen\.codex\scratch\SATquery AI\paired_lab\evidence\selected-trials\summary.json,$.optical_sar[8].seconds,0.07838670300009198
C:\Users\nrgen\.codex\scratch\SATquery AI\paired_lab\evidence\selected-trials\summary.json,$.optical_sar[9].seconds,0.08277993299998343
C:\Users\nrgen\.codex\scratch\SATquery AI\paired_lab\evidence\selected-trials\summary.json,$.optical_sar[10].seconds,0.07872646900000291
C:\Users\nrgen\.codex\scratch\SATquery AI\paired_lab\evidence\selected-trials\summary.json,$.optical_sar[11].seconds,0.07538675800003602
C:\Users\nrgen\.codex\scratch\SATquery AI\grounding_lab\evidence\additional\predictions.json,$[0].run.result.trace[0].seconds,0.524
C:\Users\nrgen\.codex\scratch\SATquery AI\grounding_lab\evidence\additional\predictions.json,$[0].run.result.trace[1].seconds,2.293
C:\Users\nrgen\.codex\scratch\SATquery AI\grounding_lab\evidence\additional\predictions.json,$[0].run.result.trace[2].seconds,0.281
C:\Users\nrgen\.codex\scratch\SATquery AI\grounding_lab\evidence\additional\predictions.json,$[0].run.result.trace[3].seconds,0.601
C:\Users\nrgen\.codex\scratch\SATquery AI\grounding_lab\evidence\additional\predictions.json,$[0].run.result.trace[4].seconds,2.065
C:\Users\nrgen\.codex\scratch\SATquery AI\grounding_lab\evidence\additional\predictions.json,$[0].run.result.seconds,7.318
C:\Users\nrgen\.codex\scratch\SATquery AI\grounding_lab\evidence\additional\predictions.json,$[0].run.result.peak_gpu_GiB,2.678
C:\Users\nrgen\.codex\scratch\SATquery AI\grounding_lab\evidence\additional\predictions.json,$[1].run.result.trace[0].seconds,0.505
C:\Users\nrgen\.codex\scratch\SATquery AI\grounding_lab\evidence\additional\predictions.json,$[1].run.result.trace[1].seconds,1.855
C:\Users\nrgen\.codex\scratch\SATquery AI\grounding_lab\evidence\additional\predictions.json,$[1].run.result.trace[2].seconds,0.065
C:\Users\nrgen\.codex\scratch\SATquery AI\grounding_lab\evidence\additional\predictions.json,$[1].run.result.seconds,2.908
C:\Users\nrgen\.codex\scratch\SATquery AI\grounding_lab\evidence\additional\predictions.json,$[1].run.result.peak_gpu_GiB,1.444
C:\Users\nrgen\.codex\scratch\SATquery AI\grounding_lab\evidence\additional\predictions.json,$[2].run.result.trace[0].seconds,0.474
C:\Users\nrgen\.codex\scratch\SATquery AI\grounding_lab\evidence\additional\predictions.json,$[2].run.result.trace[1].seconds,2.037
C:\Users\nrgen\.codex\scratch\SATquery AI\grounding_lab\evidence\additional\predictions.json,$[2].run.result.trace[2].seconds,0.01
C:\Users\nrgen\.codex\scratch\SATquery AI\grounding_lab\evidence\additional\predictions.json,$[2].run.result.seconds,2.958
C:\Users\nrgen\.codex\scratch\SATquery AI\grounding_lab\evidence\additional\predictions.json,$[2].run.result.peak_gpu_GiB,1.444
C:\Users\nrgen\.codex\scratch\SATquery AI\grounding_lab\evidence\baseball-sports-field-v2\result.json,$.trace[0].seconds,0.48
C:\Users\nrgen\.codex\scratch\SATquery AI\grounding_lab\evidence\baseball-sports-field-v2\result.json,$.trace[1].seconds,2.185
C:\Users\nrgen\.codex\scratch\SATquery AI\grounding_lab\evidence\baseball-sports-field-v2\result.json,$.trace[2].seconds,0.146
C:\Users\nrgen\.codex\scratch\SATquery AI\grounding_lab\evidence\baseball-sports-field-v2\result.json,$.trace[3].seconds,0.631
C:\Users\nrgen\.codex\scratch\SATquery AI\grounding_lab\evidence\baseball-sports-field-v2\result.json,$.trace[4].seconds,0.527
C:\Users\nrgen\.codex\scratch\SATquery AI\grounding_lab\evidence\baseball-sports-field-v2\result.json,$.seconds,4.801
C:\Users\nrgen\.codex\scratch\SATquery AI\grounding_lab\evidence\baseball-sports-field-v2\result.json,$.peak_gpu_GiB,2.678
C:\Users\nrgen\.codex\scratch\SATquery AI\grounding_lab\evidence\buildings-regional\assam-monsoon-0.2\run.json,$.result.trace[0].seconds,0.445
C:\Users\nrgen\.codex\scratch\SATquery AI\grounding_lab\evidence\buildings-regional\assam-monsoon-0.2\run.json,$.result.trace[1].seconds,1.921
C:\Users\nrgen\.codex\scratch\SATquery AI\grounding_lab\evidence\buildings-regional\assam-monsoon-0.2\run.json,$.result.trace[2].seconds,0.063
C:\Users\nrgen\.codex\scratch\SATquery AI\grounding_lab\evidence\buildings-regional\assam-monsoon-0.2\run.json,$.result.seconds,2.901
C:\Users\nrgen\.codex\scratch\SATquery AI\grounding_lab\evidence\buildings-regional\assam-monsoon-0.2\run.json,$.result.peak_gpu_GiB,1.444
C:\Users\nrgen\.codex\scratch\SATquery AI\grounding_lab\evidence\buildings-regional\assam-monsoon-0.3\run.json,$.result.trace[0].seconds,0.502
C:\Users\nrgen\.codex\scratch\SATquery AI\grounding_lab\evidence\buildings-regional\assam-monsoon-0.3\run.json,$.result.trace[1].seconds,2.696
C:\Users\nrgen\.codex\scratch\SATquery AI\grounding_lab\evidence\buildings-regional\assam-monsoon-0.3\run.json,$.result.trace[2].seconds,0.064
C:\Users\nrgen\.codex\scratch\SATquery AI\grounding_lab\evidence\buildings-regional\assam-monsoon-0.3\run.json,$.result.seconds,3.78
C:\Users\nrgen\.codex\scratch\SATquery AI\grounding_lab\evidence\buildings-regional\assam-monsoon-0.3\run.json,$.result.peak_gpu_GiB,1.444
C:\Users\nrgen\.codex\scratch\SATquery AI\grounding_lab\evidence\buildings-regional\bengaluru-lake-city-0.2\run.json,$.result.trace[0].seconds,0.495
C:\Users\nrgen\.codex\scratch\SATquery AI\grounding_lab\evidence\buildings-regional\bengaluru-lake-city-0.2\run.json,$.result.trace[1].seconds,2.009
C:\Users\nrgen\.codex\scratch\SATquery AI\grounding_lab\evidence\buildings-regional\bengaluru-lake-city-0.2\run.json,$.result.trace[2].seconds,0.726
C:\Users\nrgen\.codex\scratch\SATquery AI\grounding_lab\evidence\buildings-regional\bengaluru-lake-city-0.2\run.json,$.result.trace[3].seconds,1.081
C:\Users\nrgen\.codex\scratch\SATquery AI\grounding_lab\evidence\buildings-regional\bengaluru-lake-city-0.2\run.json,$.result.trace[4].seconds,0.13
C:\Users\nrgen\.codex\scratch\SATquery AI\grounding_lab\evidence\buildings-regional\bengaluru-lake-city-0.2\run.json,$.result.seconds,5.124
C:\Users\nrgen\.codex\scratch\SATquery AI\grounding_lab\evidence\buildings-regional\bengaluru-lake-city-0.2\run.json,$.result.peak_gpu_GiB,2.678
C:\Users\nrgen\.codex\scratch\SATquery AI\grounding_lab\evidence\buildings-regional\bengaluru-lake-city-0.3\run.json,$.result.trace[0].seconds,0.507
C:\Users\nrgen\.codex\scratch\SATquery AI\grounding_lab\evidence\buildings-regional\bengaluru-lake-city-0.3\run.json,$.result.trace[1].seconds,2.523
C:\Users\nrgen\.codex\scratch\SATquery AI\grounding_lab\evidence\buildings-regional\bengaluru-lake-city-0.3\run.json,$.result.trace[2].seconds,0.06
C:\Users\nrgen\.codex\scratch\SATquery AI\grounding_lab\evidence\buildings-regional\bengaluru-lake-city-0.3\run.json,$.result.seconds,3.562
C:\Users\nrgen\.codex\scratch\SATquery AI\grounding_lab\evidence\buildings-regional\bengaluru-lake-city-0.3\run.json,$.result.peak_gpu_GiB,1.444
C:\Users\nrgen\.codex\scratch\SATquery AI\grounding_lab\evidence\buildings-regional\jaisalmer-arid-0.2\run.json,$.result.trace[0].seconds,0.535
C:\Users\nrgen\.codex\scratch\SATquery AI\grounding_lab\evidence\buildings-regional\jaisalmer-arid-0.2\run.json,$.result.trace[1].seconds,1.826
C:\Users\nrgen\.codex\scratch\SATquery AI\grounding_lab\evidence\buildings-regional\jaisalmer-arid-0.2\run.json,$.result.trace[2].seconds,0.484
C:\Users\nrgen\.codex\scratch\SATquery AI\grounding_lab\evidence\buildings-regional\jaisalmer-arid-0.2\run.json,$.result.trace[3].seconds,0.665
C:\Users\nrgen\.codex\scratch\SATquery AI\grounding_lab\evidence\buildings-regional\jaisalmer-arid-0.2\run.json,$.result.trace[4].seconds,0.066
C:\Users\nrgen\.codex\scratch\SATquery AI\grounding_lab\evidence\buildings-regional\jaisalmer-arid-0.2\run.json,$.result.seconds,4.221
C:\Users\nrgen\.codex\scratch\SATquery AI\grounding_lab\evidence\buildings-regional\jaisalmer-arid-0.2\run.json,$.result.peak_gpu_GiB,2.678
C:\Users\nrgen\.codex\scratch\SATquery AI\grounding_lab\evidence\buildings-regional\jaisalmer-arid-0.3\run.json,$.result.trace[0].seconds,0.459
C:\Users\nrgen\.codex\scratch\SATquery AI\grounding_lab\evidence\buildings-regional\jaisalmer-arid-0.3\run.json,$.result.trace[1].seconds,1.83
C:\Users\nrgen\.codex\scratch\SATquery AI\grounding_lab\evidence\buildings-regional\jaisalmer-arid-0.3\run.json,$.result.trace[2].seconds,0.054
C:\Users\nrgen\.codex\scratch\SATquery AI\grounding_lab\evidence\buildings-regional\jaisalmer-arid-0.3\run.json,$.result.seconds,2.861
C:\Users\nrgen\.codex\scratch\SATquery AI\grounding_lab\evidence\buildings-regional\jaisalmer-arid-0.3\run.json,$.result.peak_gpu_GiB,1.444
C:\Users\nrgen\.codex\scratch\SATquery AI\grounding_lab\evidence\buildings-regional\punjab-farmland-0.2\run.json,$.result.trace[0].seconds,0.831
C:\Users\nrgen\.codex\scratch\SATquery AI\grounding_lab\evidence\buildings-regional\punjab-farmland-0.2\run.json,$.result.trace[1].seconds,3.635
C:\Users\nrgen\.codex\scratch\SATquery AI\grounding_lab\evidence\buildings-regional\punjab-farmland-0.2\run.json,$.result.trace[2].seconds,0.08
C:\Users\nrgen\.codex\scratch\SATquery AI\grounding_lab\evidence\buildings-regional\punjab-farmland-0.2\run.json,$.result.seconds,5.54
C:\Users\nrgen\.codex\scratch\SATquery AI\grounding_lab\evidence\buildings-regional\punjab-farmland-0.2\run.json,$.result.peak_gpu_GiB,1.444
C:\Users\nrgen\.codex\scratch\SATquery AI\grounding_lab\evidence\buildings-regional\punjab-farmland-0.3\run.json,$.result.trace[0].seconds,0.54
C:\Users\nrgen\.codex\scratch\SATquery AI\grounding_lab\evidence\buildings-regional\punjab-farmland-0.3\run.json,$.result.trace[1].seconds,2.392
C:\Users\nrgen\.codex\scratch\SATquery AI\grounding_lab\evidence\buildings-regional\punjab-farmland-0.3\run.json,$.result.trace[2].seconds,0.067
C:\Users\nrgen\.codex\scratch\SATquery AI\grounding_lab\evidence\buildings-regional\punjab-farmland-0.3\run.json,$.result.seconds,3.627
C:\Users\nrgen\.codex\scratch\SATquery AI\grounding_lab\evidence\buildings-regional\punjab-farmland-0.3\run.json,$.result.peak_gpu_GiB,1.444
C:\Users\nrgen\.codex\scratch\SATquery AI\grounding_lab\evidence\buildings-regional\summary.json,$[0].seconds,3.78
C:\Users\nrgen\.codex\scratch\SATquery AI\grounding_lab\evidence\buildings-regional\summary.json,$[1].seconds,2.901
C:\Users\nrgen\.codex\scratch\SATquery AI\grounding_lab\evidence\buildings-regional\summary.json,$[2].seconds,3.562
C:\Users\nrgen\.codex\scratch\SATquery AI\grounding_lab\evidence\buildings-regional\summary.json,$[3].seconds,5.124
C:\Users\nrgen\.codex\scratch\SATquery AI\grounding_lab\evidence\buildings-regional\summary.json,$[4].seconds,2.861
C:\Users\nrgen\.codex\scratch\SATquery AI\grounding_lab\evidence\buildings-regional\summary.json,$[5].seconds,4.221
C:\Users\nrgen\.codex\scratch\SATquery AI\grounding_lab\evidence\buildings-regional\summary.json,$[6].seconds,3.627
C:\Users\nrgen\.codex\scratch\SATquery AI\grounding_lab\evidence\buildings-regional\summary.json,$[7].seconds,5.54
C:\Users\nrgen\.codex\scratch\SATquery AI\grounding_lab\evidence\buildings-regional\summary.json,$[8].seconds,4.639
C:\Users\nrgen\.codex\scratch\SATquery AI\grounding_lab\evidence\buildings-regional\summary.json,$[9].seconds,4.672
C:\Users\nrgen\.codex\scratch\SATquery AI\grounding_lab\evidence\buildings-regional\sundarbans-coast-0.2\run.json,$.result.trace[0].seconds,0.575
C:\Users\nrgen\.codex\scratch\SATquery AI\grounding_lab\evidence\buildings-regional\sundarbans-coast-0.2\run.json,$.result.trace[1].seconds,2.239
C:\Users\nrgen\.codex\scratch\SATquery AI\grounding_lab\evidence\buildings-regional\sundarbans-coast-0.2\run.json,$.result.trace[2].seconds,0.168
C:\Users\nrgen\.codex\scratch\SATquery AI\grounding_lab\evidence\buildings-regional\sundarbans-coast-0.2\run.json,$.result.trace[3].seconds,0.682
C:\Users\nrgen\.codex\scratch\SATquery AI\grounding_lab\evidence\buildings-regional\sundarbans-coast-0.2\run.json,$.result.trace[4].seconds,0.099
C:\Users\nrgen\.codex\scratch\SATquery AI\grounding_lab\evidence\buildings-regional\sundarbans-coast-0.2\run.json,$.result.seconds,4.672
C:\Users\nrgen\.codex\scratch\SATquery AI\grounding_lab\evidence\buildings-regional\sundarbans-coast-0.2\run.json,$.result.peak_gpu_GiB,2.678
C:\Users\nrgen\.codex\scratch\SATquery AI\grounding_lab\evidence\buildings-regional\sundarbans-coast-0.3\run.json,$.result.trace[0].seconds,0.63
C:\Users\nrgen\.codex\scratch\SATquery AI\grounding_lab\evidence\buildings-regional\sundarbans-coast-0.3\run.json,$.result.trace[1].seconds,1.944
C:\Users\nrgen\.codex\scratch\SATquery AI\grounding_lab\evidence\buildings-regional\sundarbans-coast-0.3\run.json,$.result.trace[2].seconds,0.44
C:\Users\nrgen\.codex\scratch\SATquery AI\grounding_lab\evidence\buildings-regional\sundarbans-coast-0.3\run.json,$.result.trace[3].seconds,0.724
C:\Users\nrgen\.codex\scratch\SATquery AI\grounding_lab\evidence\buildings-regional\sundarbans-coast-0.3\run.json,$.result.trace[4].seconds,0.082
C:\Users\nrgen\.codex\scratch\SATquery AI\grounding_lab\evidence\buildings-regional\sundarbans-coast-0.3\run.json,$.result.seconds,4.639
C:\Users\nrgen\.codex\scratch\SATquery AI\grounding_lab\evidence\buildings-regional\sundarbans-coast-0.3\run.json,$.result.peak_gpu_GiB,2.678
C:\Users\nrgen\.codex\scratch\SATquery AI\grounding_lab\evidence\buildings-tiles\assam-monsoon-tile-0-0-0.2\run.json,$.result.trace[0].seconds,3.266
C:\Users\nrgen\.codex\scratch\SATquery AI\grounding_lab\evidence\buildings-tiles\assam-monsoon-tile-0-0-0.2\run.json,$.result.trace[1].seconds,7.257
C:\Users\nrgen\.codex\scratch\SATquery AI\grounding_lab\evidence\buildings-tiles\assam-monsoon-tile-0-0-0.2\run.json,$.result.trace[2].seconds,1.627
C:\Users\nrgen\.codex\scratch\SATquery AI\grounding_lab\evidence\buildings-tiles\assam-monsoon-tile-0-0-0.2\run.json,$.result.trace[3].seconds,2.912
C:\Users\nrgen\.codex\scratch\SATquery AI\grounding_lab\evidence\buildings-tiles\assam-monsoon-tile-0-0-0.2\run.json,$.result.trace[4].seconds,0.034
C:\Users\nrgen\.codex\scratch\SATquery AI\grounding_lab\evidence\buildings-tiles\assam-monsoon-tile-0-0-0.2\run.json,$.result.seconds,16.297
C:\Users\nrgen\.codex\scratch\SATquery AI\grounding_lab\evidence\buildings-tiles\assam-monsoon-tile-0-0-0.2\run.json,$.result.peak_gpu_GiB,2.678
C:\Users\nrgen\.codex\scratch\SATquery AI\grounding_lab\evidence\buildings-tiles\assam-monsoon-tile-0-256-0.2\run.json,$.result.trace[0].seconds,0.583
C:\Users\nrgen\.codex\scratch\SATquery AI\grounding_lab\evidence\buildings-tiles\assam-monsoon-tile-0-256-0.2\run.json,$.result.trace[1].seconds,2.267
C:\Users\nrgen\.codex\scratch\SATquery AI\grounding_lab\evidence\buildings-tiles\assam-monsoon-tile-0-256-0.2\run.json,$.result.trace[2].seconds,0.02
C:\Users\nrgen\.codex\scratch\SATquery AI\grounding_lab\evidence\buildings-tiles\assam-monsoon-tile-0-256-0.2\run.json,$.result.seconds,3.342
C:\Users\nrgen\.codex\scratch\SATquery AI\grounding_lab\evidence\buildings-tiles\assam-monsoon-tile-0-256-0.2\run.json,$.result.peak_gpu_GiB,1.444
C:\Users\nrgen\.codex\scratch\SATquery AI\grounding_lab\evidence\buildings-tiles\assam-monsoon-tile-256-0-0.2\run.json,$.result.trace[0].seconds,0.535
C:\Users\nrgen\.codex\scratch\SATquery AI\grounding_lab\evidence\buildings-tiles\assam-monsoon-tile-256-0-0.2\run.json,$.result.trace[1].seconds,2.491
C:\Users\nrgen\.codex\scratch\SATquery AI\grounding_lab\evidence\buildings-tiles\assam-monsoon-tile-256-0-0.2\run.json,$.result.trace[2].seconds,0.015
C:\Users\nrgen\.codex\scratch\SATquery AI\grounding_lab\evidence\buildings-tiles\assam-monsoon-tile-256-0-0.2\run.json,$.result.seconds,3.551
C:\Users\nrgen\.codex\scratch\SATquery AI\grounding_lab\evidence\buildings-tiles\assam-monsoon-tile-256-0-0.2\run.json,$.result.peak_gpu_GiB,1.444
C:\Users\nrgen\.codex\scratch\SATquery AI\grounding_lab\evidence\buildings-tiles\assam-monsoon-tile-256-256-0.2\run.json,$.result.trace[0].seconds,0.494
C:\Users\nrgen\.codex\scratch\SATquery AI\grounding_lab\evidence\buildings-tiles\assam-monsoon-tile-256-256-0.2\run.json,$.result.trace[1].seconds,2.016
C:\Users\nrgen\.codex\scratch\SATquery AI\grounding_lab\evidence\buildings-tiles\assam-monsoon-tile-256-256-0.2\run.json,$.result.trace[2].seconds,0.018
C:\Users\nrgen\.codex\scratch\SATquery AI\grounding_lab\evidence\buildings-tiles\assam-monsoon-tile-256-256-0.2\run.json,$.result.seconds,3.046
C:\Users\nrgen\.codex\scratch\SATquery AI\grounding_lab\evidence\buildings-tiles\assam-monsoon-tile-256-256-0.2\run.json,$.result.peak_gpu_GiB,1.444
C:\Users\nrgen\.codex\scratch\SATquery AI\grounding_lab\evidence\buildings-tiles\bengaluru-lake-city-tile-0-0-0.2\run.json,$.result.trace[0].seconds,0.47
C:\Users\nrgen\.codex\scratch\SATquery AI\grounding_lab\evidence\buildings-tiles\bengaluru-lake-city-tile-0-0-0.2\run.json,$.result.trace[1].seconds,1.787
C:\Users\nrgen\.codex\scratch\SATquery AI\grounding_lab\evidence\buildings-tiles\bengaluru-lake-city-tile-0-0-0.2\run.json,$.result.trace[2].seconds,0.253
C:\Users\nrgen\.codex\scratch\SATquery AI\grounding_lab\evidence\buildings-tiles\bengaluru-lake-city-tile-0-0-0.2\run.json,$.result.trace[3].seconds,1.052
C:\Users\nrgen\.codex\scratch\SATquery AI\grounding_lab\evidence\buildings-tiles\bengaluru-lake-city-tile-0-0-0.2\run.json,$.result.trace[4].seconds,0.024
C:\Users\nrgen\.codex\scratch\SATquery AI\grounding_lab\evidence\buildings-tiles\bengaluru-lake-city-tile-0-0-0.2\run.json,$.result.seconds,4.168
C:\Users\nrgen\.codex\scratch\SATquery AI\grounding_lab\evidence\buildings-tiles\bengaluru-lake-city-tile-0-0-0.2\run.json,$.result.peak_gpu_GiB,2.678
C:\Users\nrgen\.codex\scratch\SATquery AI\grounding_lab\evidence\buildings-tiles\bengaluru-lake-city-tile-0-256-0.2\run.json,$.result.trace[0].seconds,0.517
C:\Users\nrgen\.codex\scratch\SATquery AI\grounding_lab\evidence\buildings-tiles\bengaluru-lake-city-tile-0-256-0.2\run.json,$.result.trace[1].seconds,2.127
C:\Users\nrgen\.codex\scratch\SATquery AI\grounding_lab\evidence\buildings-tiles\bengaluru-lake-city-tile-0-256-0.2\run.json,$.result.trace[2].seconds,0.141
C:\Users\nrgen\.codex\scratch\SATquery AI\grounding_lab\evidence\buildings-tiles\bengaluru-lake-city-tile-0-256-0.2\run.json,$.result.trace[3].seconds,0.697
C:\Users\nrgen\.codex\scratch\SATquery AI\grounding_lab\evidence\buildings-tiles\bengaluru-lake-city-tile-0-256-0.2\run.json,$.result.trace[4].seconds,0.02
C:\Users\nrgen\.codex\scratch\SATquery AI\grounding_lab\evidence\buildings-tiles\bengaluru-lake-city-tile-0-256-0.2\run.json,$.result.seconds,4.088
C:\Users\nrgen\.codex\scratch\SATquery AI\grounding_lab\evidence\buildings-tiles\bengaluru-lake-city-tile-0-256-0.2\run.json,$.result.peak_gpu_GiB,2.678
C:\Users\nrgen\.codex\scratch\SATquery AI\grounding_lab\evidence\buildings-tiles\bengaluru-lake-city-tile-256-0-0.2\run.json,$.result.trace[0].seconds,0.599
C:\Users\nrgen\.codex\scratch\SATquery AI\grounding_lab\evidence\buildings-tiles\bengaluru-lake-city-tile-256-0-0.2\run.json,$.result.trace[1].seconds,1.809
C:\Users\nrgen\.codex\scratch\SATquery AI\grounding_lab\evidence\buildings-tiles\bengaluru-lake-city-tile-256-0-0.2\run.json,$.result.trace[2].seconds,0.14
C:\Users\nrgen\.codex\scratch\SATquery AI\grounding_lab\evidence\buildings-tiles\bengaluru-lake-city-tile-256-0-0.2\run.json,$.result.trace[3].seconds,0.647
C:\Users\nrgen\.codex\scratch\SATquery AI\grounding_lab\evidence\buildings-tiles\bengaluru-lake-city-tile-256-0-0.2\run.json,$.result.trace[4].seconds,0.039
C:\Users\nrgen\.codex\scratch\SATquery AI\grounding_lab\evidence\buildings-tiles\bengaluru-lake-city-tile-256-0-0.2\run.json,$.result.seconds,3.753
C:\Users\nrgen\.codex\scratch\SATquery AI\grounding_lab\evidence\buildings-tiles\bengaluru-lake-city-tile-256-0-0.2\run.json,$.result.peak_gpu_GiB,2.678
C:\Users\nrgen\.codex\scratch\SATquery AI\grounding_lab\evidence\buildings-tiles\bengaluru-lake-city-tile-256-256-0.2\run.json,$.result.trace[0].seconds,0.475
C:\Users\nrgen\.codex\scratch\SATquery AI\grounding_lab\evidence\buildings-tiles\bengaluru-lake-city-tile-256-256-0.2\run.json,$.result.trace[1].seconds,1.621
C:\Users\nrgen\.codex\scratch\SATquery AI\grounding_lab\evidence\buildings-tiles\bengaluru-lake-city-tile-256-256-0.2\run.json,$.result.trace[2].seconds,0.016
C:\Users\nrgen\.codex\scratch\SATquery AI\grounding_lab\evidence\buildings-tiles\bengaluru-lake-city-tile-256-256-0.2\run.json,$.result.seconds,2.508
C:\Users\nrgen\.codex\scratch\SATquery AI\grounding_lab\evidence\buildings-tiles\bengaluru-lake-city-tile-256-256-0.2\run.json,$.result.peak_gpu_GiB,1.444
C:\Users\nrgen\.codex\scratch\SATquery AI\grounding_lab\evidence\buildings-tiles\summary.json,$[0].seconds,16.297
C:\Users\nrgen\.codex\scratch\SATquery AI\grounding_lab\evidence\buildings-tiles\summary.json,$[1].seconds,3.551
C:\Users\nrgen\.codex\scratch\SATquery AI\grounding_lab\evidence\buildings-tiles\summary.json,$[2].seconds,3.342
C:\Users\nrgen\.codex\scratch\SATquery AI\grounding_lab\evidence\buildings-tiles\summary.json,$[3].seconds,3.046
C:\Users\nrgen\.codex\scratch\SATquery AI\grounding_lab\evidence\buildings-tiles\summary.json,$[4].seconds,4.168
C:\Users\nrgen\.codex\scratch\SATquery AI\grounding_lab\evidence\buildings-tiles\summary.json,$[5].seconds,3.753
C:\Users\nrgen\.codex\scratch\SATquery AI\grounding_lab\evidence\buildings-tiles\summary.json,$[6].seconds,4.088
C:\Users\nrgen\.codex\scratch\SATquery AI\grounding_lab\evidence\buildings-tiles\summary.json,$[7].seconds,2.508
C:\Users\nrgen\.codex\scratch\SATquery AI\grounding_lab\evidence\car-car-v2\result.json,$.trace[0].seconds,0.509
C:\Users\nrgen\.codex\scratch\SATquery AI\grounding_lab\evidence\car-car-v2\result.json,$.trace[1].seconds,5.443
C:\Users\nrgen\.codex\scratch\SATquery AI\grounding_lab\evidence\car-car-v2\result.json,$.trace[2].seconds,0.183
C:\Users\nrgen\.codex\scratch\SATquery AI\grounding_lab\evidence\car-car-v2\result.json,$.trace[3].seconds,4.392
C:\Users\nrgen\.codex\scratch\SATquery AI\grounding_lab\evidence\car-car-v2\result.json,$.trace[4].seconds,2.367
C:\Users\nrgen\.codex\scratch\SATquery AI\grounding_lab\evidence\car-car-v2\result.json,$.seconds,14.756
C:\Users\nrgen\.codex\scratch\SATquery AI\grounding_lab\evidence\car-car-v2\result.json,$.peak_gpu_GiB,2.678
C:\Users\nrgen\.codex\scratch\SATquery AI\grounding_lab\evidence\farmland-stadium-v2\result.json,$.trace[0].seconds,0.504
C:\Users\nrgen\.codex\scratch\SATquery AI\grounding_lab\evidence\farmland-stadium-v2\result.json,$.trace[1].seconds,2.215
C:\Users\nrgen\.codex\scratch\SATquery AI\grounding_lab\evidence\farmland-stadium-v2\result.json,$.trace[2].seconds,0.281
C:\Users\nrgen\.codex\scratch\SATquery AI\grounding_lab\evidence\farmland-stadium-v2\result.json,$.trace[3].seconds,0.819
C:\Users\nrgen\.codex\scratch\SATquery AI\grounding_lab\evidence\farmland-stadium-v2\result.json,$.trace[4].seconds,0.081
C:\Users\nrgen\.codex\scratch\SATquery AI\grounding_lab\evidence\farmland-stadium-v2\result.json,$.seconds,4.653
C:\Users\nrgen\.codex\scratch\SATquery AI\grounding_lab\evidence\farmland-stadium-v2\result.json,$.peak_gpu_GiB,2.678
C:\Users\nrgen\.codex\scratch\SATquery AI\grounding_lab\evidence\http\car-both\run.json,$.result.trace[0].seconds,0.48
C:\Users\nrgen\.codex\scratch\SATquery AI\grounding_lab\evidence\http\car-both\run.json,$.result.trace[1].seconds,2.17
C:\Users\nrgen\.codex\scratch\SATquery AI\grounding_lab\evidence\http\car-both\run.json,$.result.trace[2].seconds,0.171
C:\Users\nrgen\.codex\scratch\SATquery AI\grounding_lab\evidence\http\car-both\run.json,$.result.trace[3].seconds,0.621
C:\Users\nrgen\.codex\scratch\SATquery AI\grounding_lab\evidence\http\car-both\run.json,$.result.trace[4].seconds,2.094
C:\Users\nrgen\.codex\scratch\SATquery AI\grounding_lab\evidence\http\car-both\run.json,$.result.seconds,7.163
C:\Users\nrgen\.codex\scratch\SATquery AI\grounding_lab\evidence\http\car-both\run.json,$.result.peak_gpu_GiB,2.678
C:\Users\nrgen\.codex\scratch\SATquery AI\grounding_lab\evidence\http\farmland-both\run.json,$.result.trace[0].seconds,0.512
C:\Users\nrgen\.codex\scratch\SATquery AI\grounding_lab\evidence\http\farmland-both\run.json,$.result.trace[1].seconds,2.022
C:\Users\nrgen\.codex\scratch\SATquery AI\grounding_lab\evidence\http\farmland-both\run.json,$.result.trace[2].seconds,0.041
C:\Users\nrgen\.codex\scratch\SATquery AI\grounding_lab\evidence\http\farmland-both\run.json,$.result.seconds,3.04
C:\Users\nrgen\.codex\scratch\SATquery AI\grounding_lab\evidence\http\farmland-both\run.json,$.result.peak_gpu_GiB,1.444
C:\Users\nrgen\.codex\scratch\SATquery AI\grounding_lab\evidence\http\stadium-both\run.json,$.result.trace[0].seconds,1.308
C:\Users\nrgen\.codex\scratch\SATquery AI\grounding_lab\evidence\http\stadium-both\run.json,$.result.trace[1].seconds,3.084
C:\Users\nrgen\.codex\scratch\SATquery AI\grounding_lab\evidence\http\stadium-both\run.json,$.result.trace[2].seconds,0.617
C:\Users\nrgen\.codex\scratch\SATquery AI\grounding_lab\evidence\http\stadium-both\run.json,$.result.trace[3].seconds,0.758
C:\Users\nrgen\.codex\scratch\SATquery AI\grounding_lab\evidence\http\stadium-both\run.json,$.result.trace[4].seconds,0.055
C:\Users\nrgen\.codex\scratch\SATquery AI\grounding_lab\evidence\http\stadium-both\run.json,$.result.seconds,6.453
C:\Users\nrgen\.codex\scratch\SATquery AI\grounding_lab\evidence\http\stadium-both\run.json,$.result.peak_gpu_GiB,2.678
C:\Users\nrgen\.codex\scratch\SATquery AI\grounding_lab\evidence\http\stadium-boxes\run.json,$.result.trace[0].seconds,0.472
C:\Users\nrgen\.codex\scratch\SATquery AI\grounding_lab\evidence\http\stadium-boxes\run.json,$.result.trace[1].seconds,2.947
C:\Users\nrgen\.codex\scratch\SATquery AI\grounding_lab\evidence\http\stadium-boxes\run.json,$.result.trace[2].seconds,0.047
C:\Users\nrgen\.codex\scratch\SATquery AI\grounding_lab\evidence\http\stadium-boxes\run.json,$.result.seconds,3.969
C:\Users\nrgen\.codex\scratch\SATquery AI\grounding_lab\evidence\http\stadium-boxes\run.json,$.result.peak_gpu_GiB,1.815
C:\Users\nrgen\.codex\scratch\SATquery AI\grounding_lab\evidence\http\summary.json,$[0].seconds,6.453
C:\Users\nrgen\.codex\scratch\SATquery AI\grounding_lab\evidence\http\summary.json,$[1].seconds,7.163
C:\Users\nrgen\.codex\scratch\SATquery AI\grounding_lab\evidence\http\summary.json,$[2].seconds,3.04
C:\Users\nrgen\.codex\scratch\SATquery AI\grounding_lab\evidence\http\summary.json,$[3].seconds,3.969
C:\Users\nrgen\.codex\scratch\SATquery AI\grounding_lab\evidence\same-port-cycle\lab.json,$.result.trace[0].seconds,3.08
C:\Users\nrgen\.codex\scratch\SATquery AI\grounding_lab\evidence\same-port-cycle\lab.json,$.result.trace[1].seconds,7.364
C:\Users\nrgen\.codex\scratch\SATquery AI\grounding_lab\evidence\same-port-cycle\lab.json,$.result.trace[2].seconds,1.913
C:\Users\nrgen\.codex\scratch\SATquery AI\grounding_lab\evidence\same-port-cycle\lab.json,$.result.trace[3].seconds,2.698
C:\Users\nrgen\.codex\scratch\SATquery AI\grounding_lab\evidence\same-port-cycle\lab.json,$.result.trace[4].seconds,0.06
C:\Users\nrgen\.codex\scratch\SATquery AI\grounding_lab\evidence\same-port-cycle\lab.json,$.result.seconds,16.367
C:\Users\nrgen\.codex\scratch\SATquery AI\grounding_lab\evidence\same-port-cycle\lab.json,$.result.peak_gpu_GiB,2.678
C:\Users\nrgen\.codex\scratch\SATquery AI\grounding_lab\evidence\same-port-cycle\summary.json,$[0].wall_seconds,27.907
C:\Users\nrgen\.codex\scratch\SATquery AI\grounding_lab\evidence\same-port-cycle\summary.json,$[0].gpu_before_MiB,"919, 8151"
C:\Users\nrgen\.codex\scratch\SATquery AI\grounding_lab\evidence\same-port-cycle\summary.json,$[0].gpu_after_MiB,"5693, 8151"
C:\Users\nrgen\.codex\scratch\SATquery AI\grounding_lab\evidence\same-port-cycle\summary.json,$[1].wall_seconds,23.57
C:\Users\nrgen\.codex\scratch\SATquery AI\grounding_lab\evidence\same-port-cycle\summary.json,$[1].gpu_before_MiB,"5693, 8151"
C:\Users\nrgen\.codex\scratch\SATquery AI\grounding_lab\evidence\same-port-cycle\summary.json,$[1].gpu_after_MiB,"4193, 8151"
C:\Users\nrgen\.codex\scratch\SATquery AI\grounding_lab\evidence\same-port-cycle\summary.json,$[2].wall_seconds,18.401
C:\Users\nrgen\.codex\scratch\SATquery AI\grounding_lab\evidence\same-port-cycle\summary.json,$[2].gpu_before_MiB,"4193, 8151"
C:\Users\nrgen\.codex\scratch\SATquery AI\grounding_lab\evidence\same-port-cycle\summary.json,$[2].gpu_after_MiB,"5204, 8151"
C:\Users\nrgen\.codex\scratch\SATquery AI\grounding_lab\evidence\same-port-cycle\vqa-after.json,$.trace[0].seconds,14.965
C:\Users\nrgen\.codex\scratch\SATquery AI\grounding_lab\evidence\same-port-cycle\vqa-after.json,$.trace[1].seconds,3.338
C:\Users\nrgen\.codex\scratch\SATquery AI\grounding_lab\evidence\same-port-cycle\vqa-after.json,$.seconds,18.332
C:\Users\nrgen\.codex\scratch\SATquery AI\grounding_lab\evidence\same-port-cycle\vqa-after.json,$.generation_seconds,3.338
C:\Users\nrgen\.codex\scratch\SATquery AI\grounding_lab\evidence\same-port-cycle\vqa-after.json,$.peak_allocated_GiB,4.227
C:\Users\nrgen\.codex\scratch\SATquery AI\grounding_lab\evidence\same-port-cycle\vqa-before.json,$.trace[0].seconds,6.241
C:\Users\nrgen\.codex\scratch\SATquery AI\grounding_lab\evidence\same-port-cycle\vqa-before.json,$.trace[1].seconds,18.803
C:\Users\nrgen\.codex\scratch\SATquery AI\grounding_lab\evidence\same-port-cycle\vqa-before.json,$.seconds,27.755
C:\Users\nrgen\.codex\scratch\SATquery AI\grounding_lab\evidence\same-port-cycle\vqa-before.json,$.generation_seconds,18.803
C:\Users\nrgen\.codex\scratch\SATquery AI\grounding_lab\evidence\same-port-cycle\vqa-before.json,$.peak_allocated_GiB,4.227
C:\Users\nrgen\.codex\scratch\SATquery AI\grounding_lab\evidence\same-port-http\car-both\run.json,$.result.trace[0].seconds,0.519
C:\Users\nrgen\.codex\scratch\SATquery AI\grounding_lab\evidence\same-port-http\car-both\run.json,$.result.trace[1].seconds,2.232
C:\Users\nrgen\.codex\scratch\SATquery AI\grounding_lab\evidence\same-port-http\car-both\run.json,$.result.trace[2].seconds,0.161
C:\Users\nrgen\.codex\scratch\SATquery AI\grounding_lab\evidence\same-port-http\car-both\run.json,$.result.trace[3].seconds,0.613
C:\Users\nrgen\.codex\scratch\SATquery AI\grounding_lab\evidence\same-port-http\car-both\run.json,$.result.trace[4].seconds,2.071
C:\Users\nrgen\.codex\scratch\SATquery AI\grounding_lab\evidence\same-port-http\car-both\run.json,$.result.seconds,7.277
C:\Users\nrgen\.codex\scratch\SATquery AI\grounding_lab\evidence\same-port-http\car-both\run.json,$.result.peak_gpu_GiB,2.678
C:\Users\nrgen\.codex\scratch\SATquery AI\grounding_lab\evidence\same-port-http\farmland-both\run.json,$.result.trace[0].seconds,0.497
C:\Users\nrgen\.codex\scratch\SATquery AI\grounding_lab\evidence\same-port-http\farmland-both\run.json,$.result.trace[1].seconds,2.113
C:\Users\nrgen\.codex\scratch\SATquery AI\grounding_lab\evidence\same-port-http\farmland-both\run.json,$.result.trace[2].seconds,0.046
C:\Users\nrgen\.codex\scratch\SATquery AI\grounding_lab\evidence\same-port-http\farmland-both\run.json,$.result.seconds,3.161
C:\Users\nrgen\.codex\scratch\SATquery AI\grounding_lab\evidence\same-port-http\farmland-both\run.json,$.result.peak_gpu_GiB,1.444
C:\Users\nrgen\.codex\scratch\SATquery AI\grounding_lab\evidence\same-port-http\stadium-both\run.json,$.result.trace[0].seconds,1.298
C:\Users\nrgen\.codex\scratch\SATquery AI\grounding_lab\evidence\same-port-http\stadium-both\run.json,$.result.trace[1].seconds,3.433
C:\Users\nrgen\.codex\scratch\SATquery AI\grounding_lab\evidence\same-port-http\stadium-both\run.json,$.result.trace[2].seconds,0.551
C:\Users\nrgen\.codex\scratch\SATquery AI\grounding_lab\evidence\same-port-http\stadium-both\run.json,$.result.trace[3].seconds,0.779
C:\Users\nrgen\.codex\scratch\SATquery AI\grounding_lab\evidence\same-port-http\stadium-both\run.json,$.result.trace[4].seconds,0.058
C:\Users\nrgen\.codex\scratch\SATquery AI\grounding_lab\evidence\same-port-http\stadium-both\run.json,$.result.seconds,7.154
C:\Users\nrgen\.codex\scratch\SATquery AI\grounding_lab\evidence\same-port-http\stadium-both\run.json,$.result.peak_gpu_GiB,2.678
C:\Users\nrgen\.codex\scratch\SATquery AI\grounding_lab\evidence\same-port-http\stadium-boxes\run.json,$.result.trace[0].seconds,0.519
C:\Users\nrgen\.codex\scratch\SATquery AI\grounding_lab\evidence\same-port-http\stadium-boxes\run.json,$.result.trace[1].seconds,2.099
C:\Users\nrgen\.codex\scratch\SATquery AI\grounding_lab\evidence\same-port-http\stadium-boxes\run.json,$.result.trace[2].seconds,0.049
C:\Users\nrgen\.codex\scratch\SATquery AI\grounding_lab\evidence\same-port-http\stadium-boxes\run.json,$.result.seconds,3.177
C:\Users\nrgen\.codex\scratch\SATquery AI\grounding_lab\evidence\same-port-http\stadium-boxes\run.json,$.result.peak_gpu_GiB,1.815
C:\Users\nrgen\.codex\scratch\SATquery AI\grounding_lab\evidence\same-port-http\summary.json,$[0].seconds,7.154
C:\Users\nrgen\.codex\scratch\SATquery AI\grounding_lab\evidence\same-port-http\summary.json,$[1].seconds,7.277
C:\Users\nrgen\.codex\scratch\SATquery AI\grounding_lab\evidence\same-port-http\summary.json,$[2].seconds,3.161
C:\Users\nrgen\.codex\scratch\SATquery AI\grounding_lab\evidence\same-port-http\summary.json,$[3].seconds,3.177
C:\Users\nrgen\.codex\scratch\SATquery AI\grounding_lab\evidence\stadium-building-v2\result.json,$.trace[0].seconds,0.559
C:\Users\nrgen\.codex\scratch\SATquery AI\grounding_lab\evidence\stadium-building-v2\result.json,$.trace[1].seconds,2.511
C:\Users\nrgen\.codex\scratch\SATquery AI\grounding_lab\evidence\stadium-building-v2\result.json,$.trace[2].seconds,0.211
C:\Users\nrgen\.codex\scratch\SATquery AI\grounding_lab\evidence\stadium-building-v2\result.json,$.trace[3].seconds,0.638
C:\Users\nrgen\.codex\scratch\SATquery AI\grounding_lab\evidence\stadium-building-v2\result.json,$.trace[4].seconds,0.098
C:\Users\nrgen\.codex\scratch\SATquery AI\grounding_lab\evidence\stadium-building-v2\result.json,$.seconds,4.748
C:\Users\nrgen\.codex\scratch\SATquery AI\grounding_lab\evidence\stadium-building-v2\result.json,$.peak_gpu_GiB,2.678
C:\Users\nrgen\.codex\scratch\SATquery AI\grounding_lab\evidence\stadium-first\result.json,$.trace[0].seconds,1.302
C:\Users\nrgen\.codex\scratch\SATquery AI\grounding_lab\evidence\stadium-first\result.json,$.trace[1].seconds,18.159
C:\Users\nrgen\.codex\scratch\SATquery AI\grounding_lab\evidence\stadium-first\result.json,$.trace[2].seconds,0.727
C:\Users\nrgen\.codex\scratch\SATquery AI\grounding_lab\evidence\stadium-first\result.json,$.trace[3].seconds,0.707
C:\Users\nrgen\.codex\scratch\SATquery AI\grounding_lab\evidence\stadium-first\result.json,$.trace[4].seconds,0.115
C:\Users\nrgen\.codex\scratch\SATquery AI\grounding_lab\evidence\stadium-first\result.json,$.seconds,21.857
C:\Users\nrgen\.codex\scratch\SATquery AI\grounding_lab\evidence\stadium-first\result.json,$.peak_gpu_GiB,2.678
C:\Users\nrgen\.codex\scratch\SATquery AI\grounding_lab\evidence\stadium-stadium-v2\result.json,$.trace[0].seconds,1.196
C:\Users\nrgen\.codex\scratch\SATquery AI\grounding_lab\evidence\stadium-stadium-v2\result.json,$.trace[1].seconds,16.959
C:\Users\nrgen\.codex\scratch\SATquery AI\grounding_lab\evidence\stadium-stadium-v2\result.json,$.trace[2].seconds,0.563
C:\Users\nrgen\.codex\scratch\SATquery AI\grounding_lab\evidence\stadium-stadium-v2\result.json,$.trace[3].seconds,1.103
C:\Users\nrgen\.codex\scratch\SATquery AI\grounding_lab\evidence\stadium-stadium-v2\result.json,$.trace[4].seconds,0.093
C:\Users\nrgen\.codex\scratch\SATquery AI\grounding_lab\evidence\stadium-stadium-v2\result.json,$.seconds,20.71
C:\Users\nrgen\.codex\scratch\SATquery AI\grounding_lab\evidence\stadium-stadium-v2\result.json,$.peak_gpu_GiB,2.678
C:\Users\nrgen\.codex\scratch\SATquery AI\ppt_handoff\raw\diagnostic-baseline_summary.json,$.median_seconds,0.1894441525000019
C:\Users\nrgen\.codex\scratch\SATquery AI\ppt_handoff\raw\diagnostic-baseline_summary.json,$.max_peak_allocated_GiB,4.224302291870117
C:\Users\nrgen\.codex\scratch\SATquery AI\ppt_handoff\raw\failure-full-runs.json,$[1].result.seconds,0.009
C:\Users\nrgen\.codex\scratch\SATquery AI\ppt_handoff\raw\failure-full-runs.json,$[2].result.seconds,0.005
C:\Users\nrgen\.codex\scratch\SATquery AI\ppt_handoff\raw\ndvi-integration.json,$.seconds,0.061
C:\Users\nrgen\.codex\scratch\SATquery AI\ppt_handoff\raw\ndvi-invalid-v1.json,$.seconds,0.074
C:\Users\nrgen\.codex\scratch\SATquery AI\ppt_handoff\raw\training_result.json,$.trainable_parameters,544768
C:\Users\nrgen\.codex\scratch\SATquery AI\ppt_handoff\raw\training_result.json,$.seconds,190.024222655
C:\Users\nrgen\.codex\scratch\SATquery AI\ppt_handoff\raw\training_result.json,$.peak_allocated_GiB,4.454071998596191
C:\Users\nrgen\.codex\scratch\SATquery AI\ppt_handoff\raw\training_result.json,$.losses[0].peak_allocated_GiB,4.402054786682129
C:\Users\nrgen\.codex\scratch\SATquery AI\ppt_handoff\raw\training_result.json,$.losses[1].peak_allocated_GiB,4.421111106872559
C:\Users\nrgen\.codex\scratch\SATquery AI\ppt_handoff\raw\training_result.json,$.losses[2].peak_allocated_GiB,4.421111106872559
C:\Users\nrgen\.codex\scratch\SATquery AI\ppt_handoff\raw\training_result.json,$.losses[3].peak_allocated_GiB,4.421111106872559
C:\Users\nrgen\.codex\scratch\SATquery AI\ppt_handoff\raw\training_result.json,$.losses[4].peak_allocated_GiB,4.430527687072754
C:\Users\nrgen\.codex\scratch\SATquery AI\ppt_handoff\raw\training_result.json,$.losses[5].peak_allocated_GiB,4.430527687072754
C:\Users\nrgen\.codex\scratch\SATquery AI\ppt_handoff\raw\training_result.json,$.losses[6].peak_allocated_GiB,4.430527687072754
C:\Users\nrgen\.codex\scratch\SATquery AI\ppt_handoff\raw\training_result.json,$.losses[7].peak_allocated_GiB,4.430527687072754
C:\Users\nrgen\.codex\scratch\SATquery AI\ppt_handoff\raw\training_result.json,$.losses[8].peak_allocated_GiB,4.430527687072754
C:\Users\nrgen\.codex\scratch\SATquery AI\ppt_handoff\raw\training_result.json,$.losses[9].peak_allocated_GiB,4.430527687072754
C:\Users\nrgen\.codex\scratch\SATquery AI\ppt_handoff\raw\training_result.json,$.losses[10].peak_allocated_GiB,4.430527687072754
C:\Users\nrgen\.codex\scratch\SATquery AI\ppt_handoff\raw\training_result.json,$.losses[11].peak_allocated_GiB,4.430527687072754
C:\Users\nrgen\.codex\scratch\SATquery AI\ppt_handoff\raw\training_result.json,$.losses[12].peak_allocated_GiB,4.430527687072754
C:\Users\nrgen\.codex\scratch\SATquery AI\ppt_handoff\raw\training_result.json,$.losses[13].peak_allocated_GiB,4.430527687072754
C:\Users\nrgen\.codex\scratch\SATquery AI\ppt_handoff\raw\training_result.json,$.losses[14].peak_allocated_GiB,4.430527687072754
C:\Users\nrgen\.codex\scratch\SATquery AI\ppt_handoff\raw\training_result.json,$.losses[15].peak_allocated_GiB,4.430527687072754
C:\Users\nrgen\.codex\scratch\SATquery AI\ppt_handoff\raw\training_result.json,$.losses[16].peak_allocated_GiB,4.430527687072754
C:\Users\nrgen\.codex\scratch\SATquery AI\ppt_handoff\raw\training_result.json,$.losses[17].peak_allocated_GiB,4.430527687072754
C:\Users\nrgen\.codex\scratch\SATquery AI\ppt_handoff\raw\training_result.json,$.losses[18].peak_allocated_GiB,4.4328813552856445
C:\Users\nrgen\.codex\scratch\SATquery AI\ppt_handoff\raw\training_result.json,$.losses[19].peak_allocated_GiB,4.4328813552856445
C:\Users\nrgen\.codex\scratch\SATquery AI\ppt_handoff\raw\training_result.json,$.losses[20].peak_allocated_GiB,4.4328813552856445
C:\Users\nrgen\.codex\scratch\SATquery AI\ppt_handoff\raw\training_result.json,$.losses[21].peak_allocated_GiB,4.4328813552856445
C:\Users\nrgen\.codex\scratch\SATquery AI\ppt_handoff\raw\training_result.json,$.losses[22].peak_allocated_GiB,4.4328813552856445
C:\Users\nrgen\.codex\scratch\SATquery AI\ppt_handoff\raw\training_result.json,$.losses[23].peak_allocated_GiB,4.4328813552856445
C:\Users\nrgen\.codex\scratch\SATquery AI\ppt_handoff\raw\training_result.json,$.losses[24].peak_allocated_GiB,4.4328813552856445
C:\Users\nrgen\.codex\scratch\SATquery AI\ppt_handoff\raw\training_result.json,$.losses[25].peak_allocated_GiB,4.4328813552856445
C:\Users\nrgen\.codex\scratch\SATquery AI\ppt_handoff\raw\training_result.json,$.losses[26].peak_allocated_GiB,4.4328813552856445
C:\Users\nrgen\.codex\scratch\SATquery AI\ppt_handoff\raw\training_result.json,$.losses[27].peak_allocated_GiB,4.4328813552856445
C:\Users\nrgen\.codex\scratch\SATquery AI\ppt_handoff\raw\training_result.json,$.losses[28].peak_allocated_GiB,4.439947128295898
C:\Users\nrgen\.codex\scratch\SATquery AI\ppt_handoff\raw\training_result.json,$.losses[29].peak_allocated_GiB,4.439947128295898
C:\Users\nrgen\.codex\scratch\SATquery AI\ppt_handoff\raw\training_result.json,$.losses[30].peak_allocated_GiB,4.439947128295898
C:\Users\nrgen\.codex\scratch\SATquery AI\ppt_handoff\raw\training_result.json,$.losses[31].peak_allocated_GiB,4.439947128295898
C:\Users\nrgen\.codex\scratch\SATquery AI\ppt_handoff\raw\training_result.json,$.losses[32].peak_allocated_GiB,4.439947128295898
C:\Users\nrgen\.codex\scratch\SATquery AI\ppt_handoff\raw\training_result.json,$.losses[33].peak_allocated_GiB,4.439947128295898
C:\Users\nrgen\.codex\scratch\SATquery AI\ppt_handoff\raw\training_result.json,$.losses[34].peak_allocated_GiB,4.439947128295898
C:\Users\nrgen\.codex\scratch\SATquery AI\ppt_handoff\raw\training_result.json,$.losses[35].peak_allocated_GiB,4.439947128295898
C:\Users\nrgen\.codex\scratch\SATquery AI\ppt_handoff\raw\training_result.json,$.losses[36].peak_allocated_GiB,4.439947128295898
C:\Users\nrgen\.codex\scratch\SATquery AI\ppt_handoff\raw\training_result.json,$.losses[37].peak_allocated_GiB,4.439947128295898
C:\Users\nrgen\.codex\scratch\SATquery AI\ppt_handoff\raw\training_result.json,$.losses[38].peak_allocated_GiB,4.439947128295898
C:\Users\nrgen\.codex\scratch\SATquery AI\ppt_handoff\raw\training_result.json,$.losses[39].peak_allocated_GiB,4.439947128295898
C:\Users\nrgen\.codex\scratch\SATquery AI\ppt_handoff\raw\training_result.json,$.losses[40].peak_allocated_GiB,4.439947128295898
C:\Users\nrgen\.codex\scratch\SATquery AI\ppt_handoff\raw\training_result.json,$.losses[41].peak_allocated_GiB,4.439947128295898
C:\Users\nrgen\.codex\scratch\SATquery AI\ppt_handoff\raw\training_result.json,$.losses[42].peak_allocated_GiB,4.439947128295898
C:\Users\nrgen\.codex\scratch\SATquery AI\ppt_handoff\raw\training_result.json,$.losses[43].peak_allocated_GiB,4.439947128295898
C:\Users\nrgen\.codex\scratch\SATquery AI\ppt_handoff\raw\training_result.json,$.losses[44].peak_allocated_GiB,4.439947128295898
C:\Users\nrgen\.codex\scratch\SATquery AI\ppt_handoff\raw\training_result.json,$.losses[45].peak_allocated_GiB,4.439947128295898
C:\Users\nrgen\.codex\scratch\SATquery AI\ppt_handoff\raw\training_result.json,$.losses[46].peak_allocated_GiB,4.439947128295898
C:\Users\nrgen\.codex\scratch\SATquery AI\ppt_handoff\raw\training_result.json,$.losses[47].peak_allocated_GiB,4.439947128295898
C:\Users\nrgen\.codex\scratch\SATquery AI\ppt_handoff\raw\training_result.json,$.losses[48].peak_allocated_GiB,4.439947128295898
C:\Users\nrgen\.codex\scratch\SATquery AI\ppt_handoff\raw\training_result.json,$.losses[49].peak_allocated_GiB,4.439947128295898
C:\Users\nrgen\.codex\scratch\SATquery AI\ppt_handoff\raw\training_result.json,$.losses[50].peak_allocated_GiB,4.439947128295898
C:\Users\nrgen\.codex\scratch\SATquery AI\ppt_handoff\raw\training_result.json,$.losses[51].peak_allocated_GiB,4.439947128295898
C:\Users\nrgen\.codex\scratch\SATquery AI\ppt_handoff\raw\training_result.json,$.losses[52].peak_allocated_GiB,4.451717376708984
C:\Users\nrgen\.codex\scratch\SATquery AI\ppt_handoff\raw\training_result.json,$.losses[53].peak_allocated_GiB,4.451717376708984
C:\Users\nrgen\.codex\scratch\SATquery AI\ppt_handoff\raw\training_result.json,$.losses[54].peak_allocated_GiB,4.451717376708984
C:\Users\nrgen\.codex\scratch\SATquery AI\ppt_handoff\raw\training_result.json,$.losses[55].peak_allocated_GiB,4.451717376708984
C:\Users\nrgen\.codex\scratch\SATquery AI\ppt_handoff\raw\training_result.json,$.losses[56].peak_allocated_GiB,4.451717376708984
C:\Users\nrgen\.codex\scratch\SATquery AI\ppt_handoff\raw\training_result.json,$.losses[57].peak_allocated_GiB,4.451717376708984
C:\Users\nrgen\.codex\scratch\SATquery AI\ppt_handoff\raw\training_result.json,$.losses[58].peak_allocated_GiB,4.451717376708984
C:\Users\nrgen\.codex\scratch\SATquery AI\ppt_handoff\raw\training_result.json,$.losses[59].peak_allocated_GiB,4.451717376708984
C:\Users\nrgen\.codex\scratch\SATquery AI\ppt_handoff\raw\training_result.json,$.losses[60].peak_allocated_GiB,4.451717376708984
C:\Users\nrgen\.codex\scratch\SATquery AI\ppt_handoff\raw\training_result.json,$.losses[61].peak_allocated_GiB,4.451717376708984
C:\Users\nrgen\.codex\scratch\SATquery AI\ppt_handoff\raw\training_result.json,$.losses[62].peak_allocated_GiB,4.451717376708984
C:\Users\nrgen\.codex\scratch\SATquery AI\ppt_handoff\raw\training_result.json,$.losses[63].peak_allocated_GiB,4.451717376708984
C:\Users\nrgen\.codex\scratch\SATquery AI\ppt_handoff\raw\training_result.json,$.losses[64].peak_allocated_GiB,4.451717376708984
C:\Users\nrgen\.codex\scratch\SATquery AI\ppt_handoff\raw\training_result.json,$.losses[65].peak_allocated_GiB,4.451717376708984
C:\Users\nrgen\.codex\scratch\SATquery AI\ppt_handoff\raw\training_result.json,$.losses[66].peak_allocated_GiB,4.451717376708984
C:\Users\nrgen\.codex\scratch\SATquery AI\ppt_handoff\raw\training_result.json,$.losses[67].peak_allocated_GiB,4.451717376708984
C:\Users\nrgen\.codex\scratch\SATquery AI\ppt_handoff\raw\training_result.json,$.losses[68].peak_allocated_GiB,4.451717376708984
C:\Users\nrgen\.codex\scratch\SATquery AI\ppt_handoff\raw\training_result.json,$.losses[69].peak_allocated_GiB,4.451717376708984
C:\Users\nrgen\.codex\scratch\SATquery AI\ppt_handoff\raw\training_result.json,$.losses[70].peak_allocated_GiB,4.451717376708984
C:\Users\nrgen\.codex\scratch\SATquery AI\ppt_handoff\raw\training_result.json,$.losses[71].peak_allocated_GiB,4.451717376708984
C:\Users\nrgen\.codex\scratch\SATquery AI\ppt_handoff\raw\training_result.json,$.losses[72].peak_allocated_GiB,4.451717376708984
C:\Users\nrgen\.codex\scratch\SATquery AI\ppt_handoff\raw\training_result.json,$.losses[73].peak_allocated_GiB,4.451717376708984
C:\Users\nrgen\.codex\scratch\SATquery AI\ppt_handoff\raw\training_result.json,$.losses[74].peak_allocated_GiB,4.451717376708984
C:\Users\nrgen\.codex\scratch\SATquery AI\ppt_handoff\raw\training_result.json,$.losses[75].peak_allocated_GiB,4.451717376708984
C:\Users\nrgen\.codex\scratch\SATquery AI\ppt_handoff\raw\training_result.json,$.losses[76].peak_allocated_GiB,4.451717376708984
C:\Users\nrgen\.codex\scratch\SATquery AI\ppt_handoff\raw\training_result.json,$.losses[77].peak_allocated_GiB,4.451717376708984
C:\Users\nrgen\.codex\scratch\SATquery AI\ppt_handoff\raw\training_result.json,$.losses[78].peak_allocated_GiB,4.451717376708984
C:\Users\nrgen\.codex\scratch\SATquery AI\ppt_handoff\raw\training_result.json,$.losses[79].peak_allocated_GiB,4.451717376708984
C:\Users\nrgen\.codex\scratch\SATquery AI\ppt_handoff\raw\training_result.json,$.losses[80].peak_allocated_GiB,4.451717376708984
C:\Users\nrgen\.codex\scratch\SATquery AI\ppt_handoff\raw\training_result.json,$.losses[81].peak_allocated_GiB,4.451717376708984
C:\Users\nrgen\.codex\scratch\SATquery AI\ppt_handoff\raw\training_result.json,$.losses[82].peak_allocated_GiB,4.451717376708984
C:\Users\nrgen\.codex\scratch\SATquery AI\ppt_handoff\raw\training_result.json,$.losses[83].peak_allocated_GiB,4.451717376708984
C:\Users\nrgen\.codex\scratch\SATquery AI\ppt_handoff\raw\training_result.json,$.losses[84].peak_allocated_GiB,4.451717376708984
C:\Users\nrgen\.codex\scratch\SATquery AI\ppt_handoff\raw\training_result.json,$.losses[85].peak_allocated_GiB,4.451717376708984
C:\Users\nrgen\.codex\scratch\SATquery AI\ppt_handoff\raw\training_result.json,$.losses[86].peak_allocated_GiB,4.451717376708984
C:\Users\nrgen\.codex\scratch\SATquery AI\ppt_handoff\raw\training_result.json,$.losses[87].peak_allocated_GiB,4.451717376708984
C:\Users\nrgen\.codex\scratch\SATquery AI\ppt_handoff\raw\training_result.json,$.losses[88].peak_allocated_GiB,4.451717376708984
C:\Users\nrgen\.codex\scratch\SATquery AI\ppt_handoff\raw\training_result.json,$.losses[89].peak_allocated_GiB,4.451717376708984
C:\Users\nrgen\.codex\scratch\SATquery AI\ppt_handoff\raw\training_result.json,$.losses[90].peak_allocated_GiB,4.451717376708984
C:\Users\nrgen\.codex\scratch\SATquery AI\ppt_handoff\raw\training_result.json,$.losses[91].peak_allocated_GiB,4.451717376708984
C:\Users\nrgen\.codex\scratch\SATquery AI\ppt_handoff\raw\training_result.json,$.losses[92].peak_allocated_GiB,4.451717376708984
C:\Users\nrgen\.codex\scratch\SATquery AI\ppt_handoff\raw\training_result.json,$.losses[93].peak_allocated_GiB,4.451717376708984
C:\Users\nrgen\.codex\scratch\SATquery AI\ppt_handoff\raw\training_result.json,$.losses[94].peak_allocated_GiB,4.451717376708984
C:\Users\nrgen\.codex\scratch\SATquery AI\ppt_handoff\raw\training_result.json,$.losses[95].peak_allocated_GiB,4.451717376708984
C:\Users\nrgen\.codex\scratch\SATquery AI\ppt_handoff\raw\training_result.json,$.losses[96].peak_allocated_GiB,4.451717376708984
C:\Users\nrgen\.codex\scratch\SATquery AI\ppt_handoff\raw\training_result.json,$.losses[97].peak_allocated_GiB,4.451717376708984
C:\Users\nrgen\.codex\scratch\SATquery AI\ppt_handoff\raw\training_result.json,$.losses[98].peak_allocated_GiB,4.451717376708984
C:\Users\nrgen\.codex\scratch\SATquery AI\ppt_handoff\raw\training_result.json,$.losses[99].peak_allocated_GiB,4.451717376708984
C:\Users\nrgen\.codex\scratch\SATquery AI\ppt_handoff\raw\training_result.json,$.losses[100].peak_allocated_GiB,4.451717376708984
C:\Users\nrgen\.codex\scratch\SATquery AI\ppt_handoff\raw\training_result.json,$.losses[101].peak_allocated_GiB,4.451717376708984
C:\Users\nrgen\.codex\scratch\SATquery AI\ppt_handoff\raw\training_result.json,$.losses[102].peak_allocated_GiB,4.451717376708984
C:\Users\nrgen\.codex\scratch\SATquery AI\ppt_handoff\raw\training_result.json,$.losses[103].peak_allocated_GiB,4.451717376708984
C:\Users\nrgen\.codex\scratch\SATquery AI\ppt_handoff\raw\training_result.json,$.losses[104].peak_allocated_GiB,4.451717376708984
C:\Users\nrgen\.codex\scratch\SATquery AI\ppt_handoff\raw\training_result.json,$.losses[105].peak_allocated_GiB,4.451717376708984
C:\Users\nrgen\.codex\scratch\SATquery AI\ppt_handoff\raw\training_result.json,$.losses[106].peak_allocated_GiB,4.451717376708984
C:\Users\nrgen\.codex\scratch\SATquery AI\ppt_handoff\raw\training_result.json,$.losses[107].peak_allocated_GiB,4.451717376708984
C:\Users\nrgen\.codex\scratch\SATquery AI\ppt_handoff\raw\training_result.json,$.losses[108].peak_allocated_GiB,4.451717376708984
C:\Users\nrgen\.codex\scratch\SATquery AI\ppt_handoff\raw\training_result.json,$.losses[109].peak_allocated_GiB,4.451717376708984
C:\Users\nrgen\.codex\scratch\SATquery AI\ppt_handoff\raw\training_result.json,$.losses[110].peak_allocated_GiB,4.451717376708984
C:\Users\nrgen\.codex\scratch\SATquery AI\ppt_handoff\raw\training_result.json,$.losses[111].peak_allocated_GiB,4.451717376708984
C:\Users\nrgen\.codex\scratch\SATquery AI\ppt_handoff\raw\training_result.json,$.losses[112].peak_allocated_GiB,4.451717376708984
C:\Users\nrgen\.codex\scratch\SATquery AI\ppt_handoff\raw\training_result.json,$.losses[113].peak_allocated_GiB,4.451717376708984
C:\Users\nrgen\.codex\scratch\SATquery AI\ppt_handoff\raw\training_result.json,$.losses[114].peak_allocated_GiB,4.451717376708984
C:\Users\nrgen\.codex\scratch\SATquery AI\ppt_handoff\raw\training_result.json,$.losses[115].peak_allocated_GiB,4.451717376708984
C:\Users\nrgen\.codex\scratch\SATquery AI\ppt_handoff\raw\training_result.json,$.losses[116].peak_allocated_GiB,4.451717376708984
C:\Users\nrgen\.codex\scratch\SATquery AI\ppt_handoff\raw\training_result.json,$.losses[117].peak_allocated_GiB,4.451717376708984
C:\Users\nrgen\.codex\scratch\SATquery AI\ppt_handoff\raw\training_result.json,$.losses[118].peak_allocated_GiB,4.451717376708984
C:\Users\nrgen\.codex\scratch\SATquery AI\ppt_handoff\raw\training_result.json,$.losses[119].peak_allocated_GiB,4.451717376708984
C:\Users\nrgen\.codex\scratch\SATquery AI\ppt_handoff\raw\training_result.json,$.losses[120].peak_allocated_GiB,4.451717376708984
C:\Users\nrgen\.codex\scratch\SATquery AI\ppt_handoff\raw\training_result.json,$.losses[121].peak_allocated_GiB,4.451717376708984
C:\Users\nrgen\.codex\scratch\SATquery AI\ppt_handoff\raw\training_result.json,$.losses[122].peak_allocated_GiB,4.451717376708984
C:\Users\nrgen\.codex\scratch\SATquery AI\ppt_handoff\raw\training_result.json,$.losses[123].peak_allocated_GiB,4.451717376708984
C:\Users\nrgen\.codex\scratch\SATquery AI\ppt_handoff\raw\training_result.json,$.losses[124].peak_allocated_GiB,4.451717376708984
C:\Users\nrgen\.codex\scratch\SATquery AI\ppt_handoff\raw\training_result.json,$.losses[125].peak_allocated_GiB,4.451717376708984
C:\Users\nrgen\.codex\scratch\SATquery AI\ppt_handoff\raw\training_result.json,$.losses[126].peak_allocated_GiB,4.451717376708984
C:\Users\nrgen\.codex\scratch\SATquery AI\ppt_handoff\raw\training_result.json,$.losses[127].peak_allocated_GiB,4.451717376708984
C:\Users\nrgen\.codex\scratch\SATquery AI\ppt_handoff\raw\training_result.json,$.losses[128].peak_allocated_GiB,4.451717376708984
C:\Users\nrgen\.codex\scratch\SATquery AI\ppt_handoff\raw\training_result.json,$.losses[129].peak_allocated_GiB,4.451717376708984
C:\Users\nrgen\.codex\scratch\SATquery AI\ppt_handoff\raw\training_result.json,$.losses[130].peak_allocated_GiB,4.451717376708984
C:\Users\nrgen\.codex\scratch\SATquery AI\ppt_handoff\raw\training_result.json,$.losses[131].peak_allocated_GiB,4.451717376708984
C:\Users\nrgen\.codex\scratch\SATquery AI\ppt_handoff\raw\training_result.json,$.losses[132].peak_allocated_GiB,4.451717376708984
C:\Users\nrgen\.codex\scratch\SATquery AI\ppt_handoff\raw\training_result.json,$.losses[133].peak_allocated_GiB,4.451717376708984
C:\Users\nrgen\.codex\scratch\SATquery AI\ppt_handoff\raw\training_result.json,$.losses[134].peak_allocated_GiB,4.451717376708984
C:\Users\nrgen\.codex\scratch\SATquery AI\ppt_handoff\raw\training_result.json,$.losses[135].peak_allocated_GiB,4.451717376708984
C:\Users\nrgen\.codex\scratch\SATquery AI\ppt_handoff\raw\training_result.json,$.losses[136].peak_allocated_GiB,4.451717376708984
C:\Users\nrgen\.codex\scratch\SATquery AI\ppt_handoff\raw\training_result.json,$.losses[137].peak_allocated_GiB,4.451717376708984
C:\Users\nrgen\.codex\scratch\SATquery AI\ppt_handoff\raw\training_result.json,$.losses[138].peak_allocated_GiB,4.451717376708984
C:\Users\nrgen\.codex\scratch\SATquery AI\ppt_handoff\raw\training_result.json,$.losses[139].peak_allocated_GiB,4.451717376708984
C:\Users\nrgen\.codex\scratch\SATquery AI\ppt_handoff\raw\training_result.json,$.losses[140].peak_allocated_GiB,4.451717376708984
C:\Users\nrgen\.codex\scratch\SATquery AI\ppt_handoff\raw\training_result.json,$.losses[141].peak_allocated_GiB,4.451717376708984
C:\Users\nrgen\.codex\scratch\SATquery AI\ppt_handoff\raw\training_result.json,$.losses[142].peak_allocated_GiB,4.451717376708984
C:\Users\nrgen\.codex\scratch\SATquery AI\ppt_handoff\raw\training_result.json,$.losses[143].peak_allocated_GiB,4.451717376708984
C:\Users\nrgen\.codex\scratch\SATquery AI\ppt_handoff\raw\training_result.json,$.losses[144].peak_allocated_GiB,4.451717376708984
C:\Users\nrgen\.codex\scratch\SATquery AI\ppt_handoff\raw\training_result.json,$.losses[145].peak_allocated_GiB,4.451717376708984
C:\Users\nrgen\.codex\scratch\SATquery AI\ppt_handoff\raw\training_result.json,$.losses[146].peak_allocated_GiB,4.451717376708984
C:\Users\nrgen\.codex\scratch\SATquery AI\ppt_handoff\raw\training_result.json,$.losses[147].peak_allocated_GiB,4.451717376708984
C:\Users\nrgen\.codex\scratch\SATquery AI\ppt_handoff\raw\training_result.json,$.losses[148].peak_allocated_GiB,4.451717376708984
C:\Users\nrgen\.codex\scratch\SATquery AI\ppt_handoff\raw\training_result.json,$.losses[149].peak_allocated_GiB,4.451717376708984
C:\Users\nrgen\.codex\scratch\SATquery AI\ppt_handoff\raw\training_result.json,$.losses[150].peak_allocated_GiB,4.451717376708984
C:\Users\nrgen\.codex\scratch\SATquery AI\ppt_handoff\raw\training_result.json,$.losses[151].peak_allocated_GiB,4.451717376708984
C:\Users\nrgen\.codex\scratch\SATquery AI\ppt_handoff\raw\training_result.json,$.losses[152].peak_allocated_GiB,4.451717376708984
C:\Users\nrgen\.codex\scratch\SATquery AI\ppt_handoff\raw\training_result.json,$.losses[153].peak_allocated_GiB,4.451717376708984
C:\Users\nrgen\.codex\scratch\SATquery AI\ppt_handoff\raw\training_result.json,$.losses[154].peak_allocated_GiB,4.451717376708984
C:\Users\nrgen\.codex\scratch\SATquery AI\ppt_handoff\raw\training_result.json,$.losses[155].peak_allocated_GiB,4.451717376708984
C:\Users\nrgen\.codex\scratch\SATquery AI\ppt_handoff\raw\training_result.json,$.losses[156].peak_allocated_GiB,4.451717376708984
C:\Users\nrgen\.codex\scratch\SATquery AI\ppt_handoff\raw\training_result.json,$.losses[157].peak_allocated_GiB,4.451717376708984
C:\Users\nrgen\.codex\scratch\SATquery AI\ppt_handoff\raw\training_result.json,$.losses[158].peak_allocated_GiB,4.451717376708984
C:\Users\nrgen\.codex\scratch\SATquery AI\ppt_handoff\raw\training_result.json,$.losses[159].peak_allocated_GiB,4.451717376708984
C:\Users\nrgen\.codex\scratch\SATquery AI\ppt_handoff\raw\training_result.json,$.losses[160].peak_allocated_GiB,4.451717376708984
C:\Users\nrgen\.codex\scratch\SATquery AI\ppt_handoff\raw\training_result.json,$.losses[161].peak_allocated_GiB,4.451717376708984
C:\Users\nrgen\.codex\scratch\SATquery AI\ppt_handoff\raw\training_result.json,$.losses[162].peak_allocated_GiB,4.451717376708984
C:\Users\nrgen\.codex\scratch\SATquery AI\ppt_handoff\raw\training_result.json,$.losses[163].peak_allocated_GiB,4.451717376708984
C:\Users\nrgen\.codex\scratch\SATquery AI\ppt_handoff\raw\training_result.json,$.losses[164].peak_allocated_GiB,4.451717376708984
C:\Users\nrgen\.codex\scratch\SATquery AI\ppt_handoff\raw\training_result.json,$.losses[165].peak_allocated_GiB,4.451717376708984
C:\Users\nrgen\.codex\scratch\SATquery AI\ppt_handoff\raw\training_result.json,$.losses[166].peak_allocated_GiB,4.451717376708984
C:\Users\nrgen\.codex\scratch\SATquery AI\ppt_handoff\raw\training_result.json,$.losses[167].peak_allocated_GiB,4.451717376708984
C:\Users\nrgen\.codex\scratch\SATquery AI\ppt_handoff\raw\training_result.json,$.losses[168].peak_allocated_GiB,4.451717376708984
C:\Users\nrgen\.codex\scratch\SATquery AI\ppt_handoff\raw\training_result.json,$.losses[169].peak_allocated_GiB,4.451717376708984
C:\Users\nrgen\.codex\scratch\SATquery AI\ppt_handoff\raw\training_result.json,$.losses[170].peak_allocated_GiB,4.451717376708984
C:\Users\nrgen\.codex\scratch\SATquery AI\ppt_handoff\raw\training_result.json,$.losses[171].peak_allocated_GiB,4.451717376708984
C:\Users\nrgen\.codex\scratch\SATquery AI\ppt_handoff\raw\training_result.json,$.losses[172].peak_allocated_GiB,4.451717376708984
C:\Users\nrgen\.codex\scratch\SATquery AI\ppt_handoff\raw\training_result.json,$.losses[173].peak_allocated_GiB,4.451717376708984
C:\Users\nrgen\.codex\scratch\SATquery AI\ppt_handoff\raw\training_result.json,$.losses[174].peak_allocated_GiB,4.451717376708984
C:\Users\nrgen\.codex\scratch\SATquery AI\ppt_handoff\raw\training_result.json,$.losses[175].peak_allocated_GiB,4.451717376708984
C:\Users\nrgen\.codex\scratch\SATquery AI\ppt_handoff\raw\training_result.json,$.losses[176].peak_allocated_GiB,4.451717376708984
C:\Users\nrgen\.codex\scratch\SATquery AI\ppt_handoff\raw\training_result.json,$.losses[177].peak_allocated_GiB,4.451717376708984
C:\Users\nrgen\.codex\scratch\SATquery AI\ppt_handoff\raw\training_result.json,$.losses[178].peak_allocated_GiB,4.451717376708984
C:\Users\nrgen\.codex\scratch\SATquery AI\ppt_handoff\raw\training_result.json,$.losses[179].peak_allocated_GiB,4.451717376708984
C:\Users\nrgen\.codex\scratch\SATquery AI\ppt_handoff\raw\training_result.json,$.losses[180].peak_allocated_GiB,4.451717376708984
C:\Users\nrgen\.codex\scratch\SATquery AI\ppt_handoff\raw\training_result.json,$.losses[181].peak_allocated_GiB,4.451717376708984
C:\Users\nrgen\.codex\scratch\SATquery AI\ppt_handoff\raw\training_result.json,$.losses[182].peak_allocated_GiB,4.451717376708984
C:\Users\nrgen\.codex\scratch\SATquery AI\ppt_handoff\raw\training_result.json,$.losses[183].peak_allocated_GiB,4.451717376708984
C:\Users\nrgen\.codex\scratch\SATquery AI\ppt_handoff\raw\training_result.json,$.losses[184].peak_allocated_GiB,4.451717376708984
C:\Users\nrgen\.codex\scratch\SATquery AI\ppt_handoff\raw\training_result.json,$.losses[185].peak_allocated_GiB,4.451717376708984
C:\Users\nrgen\.codex\scratch\SATquery AI\ppt_handoff\raw\training_result.json,$.losses[186].peak_allocated_GiB,4.451717376708984
C:\Users\nrgen\.codex\scratch\SATquery AI\ppt_handoff\raw\training_result.json,$.losses[187].peak_allocated_GiB,4.451717376708984
C:\Users\nrgen\.codex\scratch\SATquery AI\ppt_handoff\raw\training_result.json,$.losses[188].peak_allocated_GiB,4.451717376708984
C:\Users\nrgen\.codex\scratch\SATquery AI\ppt_handoff\raw\training_result.json,$.losses[189].peak_allocated_GiB,4.451717376708984
C:\Users\nrgen\.codex\scratch\SATquery AI\ppt_handoff\raw\training_result.json,$.losses[190].peak_allocated_GiB,4.451717376708984
C:\Users\nrgen\.codex\scratch\SATquery AI\ppt_handoff\raw\training_result.json,$.losses[191].peak_allocated_GiB,4.451717376708984
C:\Users\nrgen\.codex\scratch\SATquery AI\ppt_handoff\raw\training_result.json,$.losses[192].peak_allocated_GiB,4.451717376708984
C:\Users\nrgen\.codex\scratch\SATquery AI\ppt_handoff\raw\training_result.json,$.losses[193].peak_allocated_GiB,4.451717376708984
C:\Users\nrgen\.codex\scratch\SATquery AI\ppt_handoff\raw\training_result.json,$.losses[194].peak_allocated_GiB,4.451717376708984
C:\Users\nrgen\.codex\scratch\SATquery AI\ppt_handoff\raw\training_result.json,$.losses[195].peak_allocated_GiB,4.451717376708984
C:\Users\nrgen\.codex\scratch\SATquery AI\ppt_handoff\raw\training_result.json,$.losses[196].peak_allocated_GiB,4.451717376708984
C:\Users\nrgen\.codex\scratch\SATquery AI\ppt_handoff\raw\training_result.json,$.losses[197].peak_allocated_GiB,4.451717376708984
C:\Users\nrgen\.codex\scratch\SATquery AI\ppt_handoff\raw\training_result.json,$.losses[198].peak_allocated_GiB,4.451717376708984
C:\Users\nrgen\.codex\scratch\SATquery AI\ppt_handoff\raw\training_result.json,$.losses[199].peak_allocated_GiB,4.451717376708984
C:\Users\nrgen\.codex\scratch\SATquery AI\ppt_handoff\raw\training_result.json,$.losses[200].peak_allocated_GiB,4.451717376708984
C:\Users\nrgen\.codex\scratch\SATquery AI\ppt_handoff\raw\training_result.json,$.losses[201].peak_allocated_GiB,4.451717376708984
C:\Users\nrgen\.codex\scratch\SATquery AI\ppt_handoff\raw\training_result.json,$.losses[202].peak_allocated_GiB,4.451717376708984
C:\Users\nrgen\.codex\scratch\SATquery AI\ppt_handoff\raw\training_result.json,$.losses[203].peak_allocated_GiB,4.451717376708984
C:\Users\nrgen\.codex\scratch\SATquery AI\ppt_handoff\raw\training_result.json,$.losses[204].peak_allocated_GiB,4.451717376708984
C:\Users\nrgen\.codex\scratch\SATquery AI\ppt_handoff\raw\training_result.json,$.losses[205].peak_allocated_GiB,4.451717376708984
C:\Users\nrgen\.codex\scratch\SATquery AI\ppt_handoff\raw\training_result.json,$.losses[206].peak_allocated_GiB,4.451717376708984
C:\Users\nrgen\.codex\scratch\SATquery AI\ppt_handoff\raw\training_result.json,$.losses[207].peak_allocated_GiB,4.451717376708984
C:\Users\nrgen\.codex\scratch\SATquery AI\ppt_handoff\raw\training_result.json,$.losses[208].peak_allocated_GiB,4.451717376708984
C:\Users\nrgen\.codex\scratch\SATquery AI\ppt_handoff\raw\training_result.json,$.losses[209].peak_allocated_GiB,4.451717376708984
C:\Users\nrgen\.codex\scratch\SATquery AI\ppt_handoff\raw\training_result.json,$.losses[210].peak_allocated_GiB,4.451717376708984
C:\Users\nrgen\.codex\scratch\SATquery AI\ppt_handoff\raw\training_result.json,$.losses[211].peak_allocated_GiB,4.451717376708984
C:\Users\nrgen\.codex\scratch\SATquery AI\ppt_handoff\raw\training_result.json,$.losses[212].peak_allocated_GiB,4.451717376708984
C:\Users\nrgen\.codex\scratch\SATquery AI\ppt_handoff\raw\training_result.json,$.losses[213].peak_allocated_GiB,4.451717376708984
C:\Users\nrgen\.codex\scratch\SATquery AI\ppt_handoff\raw\training_result.json,$.losses[214].peak_allocated_GiB,4.451717376708984
C:\Users\nrgen\.codex\scratch\SATquery AI\ppt_handoff\raw\training_result.json,$.losses[215].peak_allocated_GiB,4.451717376708984
C:\Users\nrgen\.codex\scratch\SATquery AI\ppt_handoff\raw\training_result.json,$.losses[216].peak_allocated_GiB,4.451717376708984
C:\Users\nrgen\.codex\scratch\SATquery AI\ppt_handoff\raw\training_result.json,$.losses[217].peak_allocated_GiB,4.451717376708984
C:\Users\nrgen\.codex\scratch\SATquery AI\ppt_handoff\raw\training_result.json,$.losses[218].peak_allocated_GiB,4.451717376708984
C:\Users\nrgen\.codex\scratch\SATquery AI\ppt_handoff\raw\training_result.json,$.losses[219].peak_allocated_GiB,4.451717376708984
C:\Users\nrgen\.codex\scratch\SATquery AI\ppt_handoff\raw\training_result.json,$.losses[220].peak_allocated_GiB,4.451717376708984
C:\Users\nrgen\.codex\scratch\SATquery AI\ppt_handoff\raw\training_result.json,$.losses[221].peak_allocated_GiB,4.451717376708984
C:\Users\nrgen\.codex\scratch\SATquery AI\ppt_handoff\raw\training_result.json,$.losses[222].peak_allocated_GiB,4.451717376708984
C:\Users\nrgen\.codex\scratch\SATquery AI\ppt_handoff\raw\training_result.json,$.losses[223].peak_allocated_GiB,4.451717376708984
C:\Users\nrgen\.codex\scratch\SATquery AI\ppt_handoff\raw\training_result.json,$.losses[224].peak_allocated_GiB,4.451717376708984
C:\Users\nrgen\.codex\scratch\SATquery AI\ppt_handoff\raw\training_result.json,$.losses[225].peak_allocated_GiB,4.451717376708984
C:\Users\nrgen\.codex\scratch\SATquery AI\ppt_handoff\raw\training_result.json,$.losses[226].peak_allocated_GiB,4.451717376708984
C:\Users\nrgen\.codex\scratch\SATquery AI\ppt_handoff\raw\training_result.json,$.losses[227].peak_allocated_GiB,4.451717376708984
C:\Users\nrgen\.codex\scratch\SATquery AI\ppt_handoff\raw\training_result.json,$.losses[228].peak_allocated_GiB,4.451717376708984
C:\Users\nrgen\.codex\scratch\SATquery AI\ppt_handoff\raw\training_result.json,$.losses[229].peak_allocated_GiB,4.451717376708984
C:\Users\nrgen\.codex\scratch\SATquery AI\ppt_handoff\raw\training_result.json,$.losses[230].peak_allocated_GiB,4.451717376708984
C:\Users\nrgen\.codex\scratch\SATquery AI\ppt_handoff\raw\training_result.json,$.losses[231].peak_allocated_GiB,4.451717376708984
C:\Users\nrgen\.codex\scratch\SATquery AI\ppt_handoff\raw\training_result.json,$.losses[232].peak_allocated_GiB,4.451717376708984
C:\Users\nrgen\.codex\scratch\SATquery AI\ppt_handoff\raw\training_result.json,$.losses[233].peak_allocated_GiB,4.451717376708984
C:\Users\nrgen\.codex\scratch\SATquery AI\ppt_handoff\raw\training_result.json,$.losses[234].peak_allocated_GiB,4.451717376708984
C:\Users\nrgen\.codex\scratch\SATquery AI\ppt_handoff\raw\training_result.json,$.losses[235].peak_allocated_GiB,4.451717376708984
C:\Users\nrgen\.codex\scratch\SATquery AI\ppt_handoff\raw\training_result.json,$.losses[236].peak_allocated_GiB,4.451717376708984
C:\Users\nrgen\.codex\scratch\SATquery AI\ppt_handoff\raw\training_result.json,$.losses[237].peak_allocated_GiB,4.451717376708984
C:\Users\nrgen\.codex\scratch\SATquery AI\ppt_handoff\raw\training_result.json,$.losses[238].peak_allocated_GiB,4.451717376708984
C:\Users\nrgen\.codex\scratch\SATquery AI\ppt_handoff\raw\training_result.json,$.losses[239].peak_allocated_GiB,4.451717376708984
C:\Users\nrgen\.codex\scratch\SATquery AI\ppt_handoff\raw\training_result.json,$.losses[240].peak_allocated_GiB,4.451717376708984
C:\Users\nrgen\.codex\scratch\SATquery AI\ppt_handoff\raw\training_result.json,$.losses[241].peak_allocated_GiB,4.451717376708984
C:\Users\nrgen\.codex\scratch\SATquery AI\ppt_handoff\raw\training_result.json,$.losses[242].peak_allocated_GiB,4.451717376708984
C:\Users\nrgen\.codex\scratch\SATquery AI\ppt_handoff\raw\training_result.json,$.losses[243].peak_allocated_GiB,4.451717376708984
C:\Users\nrgen\.codex\scratch\SATquery AI\ppt_handoff\raw\training_result.json,$.losses[244].peak_allocated_GiB,4.451717376708984
C:\Users\nrgen\.codex\scratch\SATquery AI\ppt_handoff\raw\training_result.json,$.losses[245].peak_allocated_GiB,4.451717376708984
C:\Users\nrgen\.codex\scratch\SATquery AI\ppt_handoff\raw\training_result.json,$.losses[246].peak_allocated_GiB,4.451717376708984
C:\Users\nrgen\.codex\scratch\SATquery AI\ppt_handoff\raw\training_result.json,$.losses[247].peak_allocated_GiB,4.451717376708984
C:\Users\nrgen\.codex\scratch\SATquery AI\ppt_handoff\raw\training_result.json,$.losses[248].peak_allocated_GiB,4.451717376708984
C:\Users\nrgen\.codex\scratch\SATquery AI\ppt_handoff\raw\training_result.json,$.losses[249].peak_allocated_GiB,4.451717376708984
C:\Users\nrgen\.codex\scratch\SATquery AI\ppt_handoff\raw\training_result.json,$.losses[250].peak_allocated_GiB,4.451717376708984
C:\Users\nrgen\.codex\scratch\SATquery AI\ppt_handoff\raw\training_result.json,$.losses[251].peak_allocated_GiB,4.451717376708984
C:\Users\nrgen\.codex\scratch\SATquery AI\ppt_handoff\raw\training_result.json,$.losses[252].peak_allocated_GiB,4.451717376708984
C:\Users\nrgen\.codex\scratch\SATquery AI\ppt_handoff\raw\training_result.json,$.losses[253].peak_allocated_GiB,4.451717376708984
C:\Users\nrgen\.codex\scratch\SATquery AI\ppt_handoff\raw\training_result.json,$.losses[254].peak_allocated_GiB,4.451717376708984
C:\Users\nrgen\.codex\scratch\SATquery AI\ppt_handoff\raw\training_result.json,$.losses[255].peak_allocated_GiB,4.451717376708984
C:\Users\nrgen\.codex\scratch\SATquery AI\ppt_handoff\raw\training_result.json,$.losses[256].peak_allocated_GiB,4.451717376708984
C:\Users\nrgen\.codex\scratch\SATquery AI\ppt_handoff\raw\training_result.json,$.losses[257].peak_allocated_GiB,4.451717376708984
C:\Users\nrgen\.codex\scratch\SATquery AI\ppt_handoff\raw\training_result.json,$.losses[258].peak_allocated_GiB,4.451717376708984
C:\Users\nrgen\.codex\scratch\SATquery AI\ppt_handoff\raw\training_result.json,$.losses[259].peak_allocated_GiB,4.451717376708984
C:\Users\nrgen\.codex\scratch\SATquery AI\ppt_handoff\raw\training_result.json,$.losses[260].peak_allocated_GiB,4.451717376708984
C:\Users\nrgen\.codex\scratch\SATquery AI\ppt_handoff\raw\training_result.json,$.losses[261].peak_allocated_GiB,4.451717376708984
C:\Users\nrgen\.codex\scratch\SATquery AI\ppt_handoff\raw\training_result.json,$.losses[262].peak_allocated_GiB,4.451717376708984
C:\Users\nrgen\.codex\scratch\SATquery AI\ppt_handoff\raw\training_result.json,$.losses[263].peak_allocated_GiB,4.451717376708984
C:\Users\nrgen\.codex\scratch\SATquery AI\ppt_handoff\raw\training_result.json,$.losses[264].peak_allocated_GiB,4.451717376708984
C:\Users\nrgen\.codex\scratch\SATquery AI\ppt_handoff\raw\training_result.json,$.losses[265].peak_allocated_GiB,4.451717376708984
C:\Users\nrgen\.codex\scratch\SATquery AI\ppt_handoff\raw\training_result.json,$.losses[266].peak_allocated_GiB,4.451717376708984
C:\Users\nrgen\.codex\scratch\SATquery AI\ppt_handoff\raw\training_result.json,$.losses[267].peak_allocated_GiB,4.451717376708984
C:\Users\nrgen\.codex\scratch\SATquery AI\ppt_handoff\raw\training_result.json,$.losses[268].peak_allocated_GiB,4.451717376708984
C:\Users\nrgen\.codex\scratch\SATquery AI\ppt_handoff\raw\training_result.json,$.losses[269].peak_allocated_GiB,4.451717376708984
C:\Users\nrgen\.codex\scratch\SATquery AI\ppt_handoff\raw\training_result.json,$.losses[270].peak_allocated_GiB,4.451717376708984
C:\Users\nrgen\.codex\scratch\SATquery AI\ppt_handoff\raw\training_result.json,$.losses[271].peak_allocated_GiB,4.451717376708984
C:\Users\nrgen\.codex\scratch\SATquery AI\ppt_handoff\raw\training_result.json,$.losses[272].peak_allocated_GiB,4.451717376708984
C:\Users\nrgen\.codex\scratch\SATquery AI\ppt_handoff\raw\training_result.json,$.losses[273].peak_allocated_GiB,4.451717376708984
C:\Users\nrgen\.codex\scratch\SATquery AI\ppt_handoff\raw\training_result.json,$.losses[274].peak_allocated_GiB,4.451717376708984
C:\Users\nrgen\.codex\scratch\SATquery AI\ppt_handoff\raw\training_result.json,$.losses[275].peak_allocated_GiB,4.451717376708984
C:\Users\nrgen\.codex\scratch\SATquery AI\ppt_handoff\raw\training_result.json,$.losses[276].peak_allocated_GiB,4.451717376708984
C:\Users\nrgen\.codex\scratch\SATquery AI\ppt_handoff\raw\training_result.json,$.losses[277].peak_allocated_GiB,4.451717376708984
C:\Users\nrgen\.codex\scratch\SATquery AI\ppt_handoff\raw\training_result.json,$.losses[278].peak_allocated_GiB,4.451717376708984
C:\Users\nrgen\.codex\scratch\SATquery AI\ppt_handoff\raw\training_result.json,$.losses[279].peak_allocated_GiB,4.451717376708984
C:\Users\nrgen\.codex\scratch\SATquery AI\ppt_handoff\raw\training_result.json,$.losses[280].peak_allocated_GiB,4.451717376708984
C:\Users\nrgen\.codex\scratch\SATquery AI\ppt_handoff\raw\training_result.json,$.losses[281].peak_allocated_GiB,4.451717376708984
C:\Users\nrgen\.codex\scratch\SATquery AI\ppt_handoff\raw\training_result.json,$.losses[282].peak_allocated_GiB,4.451717376708984
C:\Users\nrgen\.codex\scratch\SATquery AI\ppt_handoff\raw\training_result.json,$.losses[283].peak_allocated_GiB,4.451717376708984
C:\Users\nrgen\.codex\scratch\SATquery AI\ppt_handoff\raw\training_result.json,$.losses[284].peak_allocated_GiB,4.451717376708984
C:\Users\nrgen\.codex\scratch\SATquery AI\ppt_handoff\raw\training_result.json,$.losses[285].peak_allocated_GiB,4.451717376708984
C:\Users\nrgen\.codex\scratch\SATquery AI\ppt_handoff\raw\training_result.json,$.losses[286].peak_allocated_GiB,4.451717376708984
C:\Users\nrgen\.codex\scratch\SATquery AI\ppt_handoff\raw\training_result.json,$.losses[287].peak_allocated_GiB,4.451717376708984
C:\Users\nrgen\.codex\scratch\SATquery AI\ppt_handoff\raw\training_result.json,$.losses[288].peak_allocated_GiB,4.451717376708984
C:\Users\nrgen\.codex\scratch\SATquery AI\ppt_handoff\raw\training_result.json,$.losses[289].peak_allocated_GiB,4.451717376708984
C:\Users\nrgen\.codex\scratch\SATquery AI\ppt_handoff\raw\training_result.json,$.losses[290].peak_allocated_GiB,4.451717376708984
C:\Users\nrgen\.codex\scratch\SATquery AI\ppt_handoff\raw\training_result.json,$.losses[291].peak_allocated_GiB,4.451717376708984
C:\Users\nrgen\.codex\scratch\SATquery AI\ppt_handoff\raw\training_result.json,$.losses[292].peak_allocated_GiB,4.451717376708984
C:\Users\nrgen\.codex\scratch\SATquery AI\ppt_handoff\raw\training_result.json,$.losses[293].peak_allocated_GiB,4.451717376708984
C:\Users\nrgen\.codex\scratch\SATquery AI\ppt_handoff\raw\training_result.json,$.losses[294].peak_allocated_GiB,4.451717376708984
C:\Users\nrgen\.codex\scratch\SATquery AI\ppt_handoff\raw\training_result.json,$.losses[295].peak_allocated_GiB,4.451717376708984
C:\Users\nrgen\.codex\scratch\SATquery AI\ppt_handoff\raw\training_result.json,$.losses[296].peak_allocated_GiB,4.451717376708984
C:\Users\nrgen\.codex\scratch\SATquery AI\ppt_handoff\raw\training_result.json,$.losses[297].peak_allocated_GiB,4.451717376708984
C:\Users\nrgen\.codex\scratch\SATquery AI\ppt_handoff\raw\training_result.json,$.losses[298].peak_allocated_GiB,4.451717376708984
C:\Users\nrgen\.codex\scratch\SATquery AI\ppt_handoff\raw\training_result.json,$.losses[299].peak_allocated_GiB,4.451717376708984
C:\Users\nrgen\.codex\scratch\SATquery AI\ppt_handoff\raw\training_result.json,$.losses[300].peak_allocated_GiB,4.451717376708984
C:\Users\nrgen\.codex\scratch\SATquery AI\ppt_handoff\raw\training_result.json,$.losses[301].peak_allocated_GiB,4.451717376708984
C:\Users\nrgen\.codex\scratch\SATquery AI\ppt_handoff\raw\training_result.json,$.losses[302].peak_allocated_GiB,4.451717376708984
C:\Users\nrgen\.codex\scratch\SATquery AI\ppt_handoff\raw\training_result.json,$.losses[303].peak_allocated_GiB,4.451717376708984
C:\Users\nrgen\.codex\scratch\SATquery AI\ppt_handoff\raw\training_result.json,$.losses[304].peak_allocated_GiB,4.451717376708984
C:\Users\nrgen\.codex\scratch\SATquery AI\ppt_handoff\raw\training_result.json,$.losses[305].peak_allocated_GiB,4.451717376708984
C:\Users\nrgen\.codex\scratch\SATquery AI\ppt_handoff\raw\training_result.json,$.losses[306].peak_allocated_GiB,4.451717376708984
C:\Users\nrgen\.codex\scratch\SATquery AI\ppt_handoff\raw\training_result.json,$.losses[307].peak_allocated_GiB,4.451717376708984
C:\Users\nrgen\.codex\scratch\SATquery AI\ppt_handoff\raw\training_result.json,$.losses[308].peak_allocated_GiB,4.451717376708984
C:\Users\nrgen\.codex\scratch\SATquery AI\ppt_handoff\raw\training_result.json,$.losses[309].peak_allocated_GiB,4.451717376708984
C:\Users\nrgen\.codex\scratch\SATquery AI\ppt_handoff\raw\training_result.json,$.losses[310].peak_allocated_GiB,4.451717376708984
C:\Users\nrgen\.codex\scratch\SATquery AI\ppt_handoff\raw\training_result.json,$.losses[311].peak_allocated_GiB,4.451717376708984
C:\Users\nrgen\.codex\scratch\SATquery AI\ppt_handoff\raw\training_result.json,$.losses[312].peak_allocated_GiB,4.451717376708984
C:\Users\nrgen\.codex\scratch\SATquery AI\ppt_handoff\raw\training_result.json,$.losses[313].peak_allocated_GiB,4.451717376708984
C:\Users\nrgen\.codex\scratch\SATquery AI\ppt_handoff\raw\training_result.json,$.losses[314].peak_allocated_GiB,4.451717376708984
C:\Users\nrgen\.codex\scratch\SATquery AI\ppt_handoff\raw\training_result.json,$.losses[315].peak_allocated_GiB,4.451717376708984
C:\Users\nrgen\.codex\scratch\SATquery AI\ppt_handoff\raw\training_result.json,$.losses[316].peak_allocated_GiB,4.451717376708984
C:\Users\nrgen\.codex\scratch\SATquery AI\ppt_handoff\raw\training_result.json,$.losses[317].peak_allocated_GiB,4.451717376708984
C:\Users\nrgen\.codex\scratch\SATquery AI\ppt_handoff\raw\training_result.json,$.losses[318].peak_allocated_GiB,4.451717376708984
C:\Users\nrgen\.codex\scratch\SATquery AI\ppt_handoff\raw\training_result.json,$.losses[319].peak_allocated_GiB,4.451717376708984
C:\Users\nrgen\.codex\scratch\SATquery AI\ppt_handoff\raw\training_result.json,$.losses[320].peak_allocated_GiB,4.451717376708984
C:\Users\nrgen\.codex\scratch\SATquery AI\ppt_handoff\raw\training_result.json,$.losses[321].peak_allocated_GiB,4.451717376708984
C:\Users\nrgen\.codex\scratch\SATquery AI\ppt_handoff\raw\training_result.json,$.losses[322].peak_allocated_GiB,4.451717376708984
C:\Users\nrgen\.codex\scratch\SATquery AI\ppt_handoff\raw\training_result.json,$.losses[323].peak_allocated_GiB,4.451717376708984
C:\Users\nrgen\.codex\scratch\SATquery AI\ppt_handoff\raw\training_result.json,$.losses[324].peak_allocated_GiB,4.451717376708984
C:\Users\nrgen\.codex\scratch\SATquery AI\ppt_handoff\raw\training_result.json,$.losses[325].peak_allocated_GiB,4.451717376708984
C:\Users\nrgen\.codex\scratch\SATquery AI\ppt_handoff\raw\training_result.json,$.losses[326].peak_allocated_GiB,4.451717376708984
C:\Users\nrgen\.codex\scratch\SATquery AI\ppt_handoff\raw\training_result.json,$.losses[327].peak_allocated_GiB,4.451717376708984
C:\Users\nrgen\.codex\scratch\SATquery AI\ppt_handoff\raw\training_result.json,$.losses[328].peak_allocated_GiB,4.451717376708984
C:\Users\nrgen\.codex\scratch\SATquery AI\ppt_handoff\raw\training_result.json,$.losses[329].peak_allocated_GiB,4.451717376708984
C:\Users\nrgen\.codex\scratch\SATquery AI\ppt_handoff\raw\training_result.json,$.losses[330].peak_allocated_GiB,4.451717376708984
C:\Users\nrgen\.codex\scratch\SATquery AI\ppt_handoff\raw\training_result.json,$.losses[331].peak_allocated_GiB,4.451717376708984
C:\Users\nrgen\.codex\scratch\SATquery AI\ppt_handoff\raw\training_result.json,$.losses[332].peak_allocated_GiB,4.451717376708984
C:\Users\nrgen\.codex\scratch\SATquery AI\ppt_handoff\raw\training_result.json,$.losses[333].peak_allocated_GiB,4.451717376708984
C:\Users\nrgen\.codex\scratch\SATquery AI\ppt_handoff\raw\training_result.json,$.losses[334].peak_allocated_GiB,4.451717376708984
C:\Users\nrgen\.codex\scratch\SATquery AI\ppt_handoff\raw\training_result.json,$.losses[335].peak_allocated_GiB,4.451717376708984
C:\Users\nrgen\.codex\scratch\SATquery AI\ppt_handoff\raw\training_result.json,$.losses[336].peak_allocated_GiB,4.451717376708984
C:\Users\nrgen\.codex\scratch\SATquery AI\ppt_handoff\raw\training_result.json,$.losses[337].peak_allocated_GiB,4.451717376708984
C:\Users\nrgen\.codex\scratch\SATquery AI\ppt_handoff\raw\training_result.json,$.losses[338].peak_allocated_GiB,4.451717376708984
C:\Users\nrgen\.codex\scratch\SATquery AI\ppt_handoff\raw\training_result.json,$.losses[339].peak_allocated_GiB,4.451717376708984
C:\Users\nrgen\.codex\scratch\SATquery AI\ppt_handoff\raw\training_result.json,$.losses[340].peak_allocated_GiB,4.451717376708984
C:\Users\nrgen\.codex\scratch\SATquery AI\ppt_handoff\raw\training_result.json,$.losses[341].peak_allocated_GiB,4.451717376708984
C:\Users\nrgen\.codex\scratch\SATquery AI\ppt_handoff\raw\training_result.json,$.losses[342].peak_allocated_GiB,4.451717376708984
C:\Users\nrgen\.codex\scratch\SATquery AI\ppt_handoff\raw\training_result.json,$.losses[343].peak_allocated_GiB,4.451717376708984
C:\Users\nrgen\.codex\scratch\SATquery AI\ppt_handoff\raw\training_result.json,$.losses[344].peak_allocated_GiB,4.451717376708984
C:\Users\nrgen\.codex\scratch\SATquery AI\ppt_handoff\raw\training_result.json,$.losses[345].peak_allocated_GiB,4.451717376708984
C:\Users\nrgen\.codex\scratch\SATquery AI\ppt_handoff\raw\training_result.json,$.losses[346].peak_allocated_GiB,4.451717376708984
C:\Users\nrgen\.codex\scratch\SATquery AI\ppt_handoff\raw\training_result.json,$.losses[347].peak_allocated_GiB,4.451717376708984
C:\Users\nrgen\.codex\scratch\SATquery AI\ppt_handoff\raw\training_result.json,$.losses[348].peak_allocated_GiB,4.451717376708984
C:\Users\nrgen\.codex\scratch\SATquery AI\ppt_handoff\raw\training_result.json,$.losses[349].peak_allocated_GiB,4.451717376708984
C:\Users\nrgen\.codex\scratch\SATquery AI\ppt_handoff\raw\training_result.json,$.losses[350].peak_allocated_GiB,4.451717376708984
C:\Users\nrgen\.codex\scratch\SATquery AI\ppt_handoff\raw\training_result.json,$.losses[351].peak_allocated_GiB,4.451717376708984
C:\Users\nrgen\.codex\scratch\SATquery AI\ppt_handoff\raw\training_result.json,$.losses[352].peak_allocated_GiB,4.451717376708984
C:\Users\nrgen\.codex\scratch\SATquery AI\ppt_handoff\raw\training_result.json,$.losses[353].peak_allocated_GiB,4.451717376708984
C:\Users\nrgen\.codex\scratch\SATquery AI\ppt_handoff\raw\training_result.json,$.losses[354].peak_allocated_GiB,4.451717376708984
C:\Users\nrgen\.codex\scratch\SATquery AI\ppt_handoff\raw\training_result.json,$.losses[355].peak_allocated_GiB,4.451717376708984
C:\Users\nrgen\.codex\scratch\SATquery AI\ppt_handoff\raw\training_result.json,$.losses[356].peak_allocated_GiB,4.451717376708984
C:\Users\nrgen\.codex\scratch\SATquery AI\ppt_handoff\raw\training_result.json,$.losses[357].peak_allocated_GiB,4.451717376708984
C:\Users\nrgen\.codex\scratch\SATquery AI\ppt_handoff\raw\training_result.json,$.losses[358].peak_allocated_GiB,4.451717376708984
C:\Users\nrgen\.codex\scratch\SATquery AI\ppt_handoff\raw\training_result.json,$.losses[359].peak_allocated_GiB,4.451717376708984
C:\Users\nrgen\.codex\scratch\SATquery AI\ppt_handoff\raw\training_result.json,$.losses[360].peak_allocated_GiB,4.451717376708984
C:\Users\nrgen\.codex\scratch\SATquery AI\ppt_handoff\raw\training_result.json,$.losses[361].peak_allocated_GiB,4.451717376708984
C:\Users\nrgen\.codex\scratch\SATquery AI\ppt_handoff\raw\training_result.json,$.losses[362].peak_allocated_GiB,4.451717376708984
C:\Users\nrgen\.codex\scratch\SATquery AI\ppt_handoff\raw\training_result.json,$.losses[363].peak_allocated_GiB,4.451717376708984
C:\Users\nrgen\.codex\scratch\SATquery AI\ppt_handoff\raw\training_result.json,$.losses[364].peak_allocated_GiB,4.451717376708984
C:\Users\nrgen\.codex\scratch\SATquery AI\ppt_handoff\raw\training_result.json,$.losses[365].peak_allocated_GiB,4.451717376708984
C:\Users\nrgen\.codex\scratch\SATquery AI\ppt_handoff\raw\training_result.json,$.losses[366].peak_allocated_GiB,4.451717376708984
C:\Users\nrgen\.codex\scratch\SATquery AI\ppt_handoff\raw\training_result.json,$.losses[367].peak_allocated_GiB,4.451717376708984
C:\Users\nrgen\.codex\scratch\SATquery AI\ppt_handoff\raw\training_result.json,$.losses[368].peak_allocated_GiB,4.451717376708984
C:\Users\nrgen\.codex\scratch\SATquery AI\ppt_handoff\raw\training_result.json,$.losses[369].peak_allocated_GiB,4.451717376708984
C:\Users\nrgen\.codex\scratch\SATquery AI\ppt_handoff\raw\training_result.json,$.losses[370].peak_allocated_GiB,4.451717376708984
C:\Users\nrgen\.codex\scratch\SATquery AI\ppt_handoff\raw\training_result.json,$.losses[371].peak_allocated_GiB,4.451717376708984
C:\Users\nrgen\.codex\scratch\SATquery AI\ppt_handoff\raw\training_result.json,$.losses[372].peak_allocated_GiB,4.451717376708984
C:\Users\nrgen\.codex\scratch\SATquery AI\ppt_handoff\raw\training_result.json,$.losses[373].peak_allocated_GiB,4.451717376708984
C:\Users\nrgen\.codex\scratch\SATquery AI\ppt_handoff\raw\training_result.json,$.losses[374].peak_allocated_GiB,4.451717376708984
C:\Users\nrgen\.codex\scratch\SATquery AI\ppt_handoff\raw\training_result.json,$.losses[375].peak_allocated_GiB,4.451717376708984
C:\Users\nrgen\.codex\scratch\SATquery AI\ppt_handoff\raw\training_result.json,$.losses[376].peak_allocated_GiB,4.451717376708984
C:\Users\nrgen\.codex\scratch\SATquery AI\ppt_handoff\raw\training_result.json,$.losses[377].peak_allocated_GiB,4.451717376708984
C:\Users\nrgen\.codex\scratch\SATquery AI\ppt_handoff\raw\training_result.json,$.losses[378].peak_allocated_GiB,4.451717376708984
C:\Users\nrgen\.codex\scratch\SATquery AI\ppt_handoff\raw\training_result.json,$.losses[379].peak_allocated_GiB,4.451717376708984
C:\Users\nrgen\.codex\scratch\SATquery AI\ppt_handoff\raw\training_result.json,$.losses[380].peak_allocated_GiB,4.451717376708984
C:\Users\nrgen\.codex\scratch\SATquery AI\ppt_handoff\raw\training_result.json,$.losses[381].peak_allocated_GiB,4.451717376708984
C:\Users\nrgen\.codex\scratch\SATquery AI\ppt_handoff\raw\training_result.json,$.losses[382].peak_allocated_GiB,4.451717376708984
C:\Users\nrgen\.codex\scratch\SATquery AI\ppt_handoff\raw\training_result.json,$.losses[383].peak_allocated_GiB,4.451717376708984
C:\Users\nrgen\.codex\scratch\SATquery AI\ppt_handoff\raw\training_result.json,$.losses[384].peak_allocated_GiB,4.451717376708984
C:\Users\nrgen\.codex\scratch\SATquery AI\ppt_handoff\raw\training_result.json,$.losses[385].peak_allocated_GiB,4.451717376708984
C:\Users\nrgen\.codex\scratch\SATquery AI\ppt_handoff\raw\training_result.json,$.losses[386].peak_allocated_GiB,4.451717376708984
C:\Users\nrgen\.codex\scratch\SATquery AI\ppt_handoff\raw\training_result.json,$.losses[387].peak_allocated_GiB,4.451717376708984
C:\Users\nrgen\.codex\scratch\SATquery AI\ppt_handoff\raw\training_result.json,$.losses[388].peak_allocated_GiB,4.451717376708984
C:\Users\nrgen\.codex\scratch\SATquery AI\ppt_handoff\raw\training_result.json,$.losses[389].peak_allocated_GiB,4.451717376708984
C:\Users\nrgen\.codex\scratch\SATquery AI\ppt_handoff\raw\training_result.json,$.losses[390].peak_allocated_GiB,4.451717376708984
C:\Users\nrgen\.codex\scratch\SATquery AI\ppt_handoff\raw\training_result.json,$.losses[391].peak_allocated_GiB,4.451717376708984
C:\Users\nrgen\.codex\scratch\SATquery AI\ppt_handoff\raw\training_result.json,$.losses[392].peak_allocated_GiB,4.451717376708984
C:\Users\nrgen\.codex\scratch\SATquery AI\ppt_handoff\raw\training_result.json,$.losses[393].peak_allocated_GiB,4.451717376708984
C:\Users\nrgen\.codex\scratch\SATquery AI\ppt_handoff\raw\training_result.json,$.losses[394].peak_allocated_GiB,4.451717376708984
C:\Users\nrgen\.codex\scratch\SATquery AI\ppt_handoff\raw\training_result.json,$.losses[395].peak_allocated_GiB,4.451717376708984
C:\Users\nrgen\.codex\scratch\SATquery AI\ppt_handoff\raw\training_result.json,$.losses[396].peak_allocated_GiB,4.451717376708984
C:\Users\nrgen\.codex\scratch\SATquery AI\ppt_handoff\raw\training_result.json,$.losses[397].peak_allocated_GiB,4.451717376708984
C:\Users\nrgen\.codex\scratch\SATquery AI\ppt_handoff\raw\training_result.json,$.losses[398].peak_allocated_GiB,4.451717376708984
C:\Users\nrgen\.codex\scratch\SATquery AI\ppt_handoff\raw\training_result.json,$.losses[399].peak_allocated_GiB,4.451717376708984
C:\Users\nrgen\.codex\scratch\SATquery AI\ppt_handoff\raw\training_result.json,$.losses[400].peak_allocated_GiB,4.451717376708984
C:\Users\nrgen\.codex\scratch\SATquery AI\ppt_handoff\raw\training_result.json,$.losses[401].peak_allocated_GiB,4.451717376708984
C:\Users\nrgen\.codex\scratch\SATquery AI\ppt_handoff\raw\training_result.json,$.losses[402].peak_allocated_GiB,4.451717376708984
C:\Users\nrgen\.codex\scratch\SATquery AI\ppt_handoff\raw\training_result.json,$.losses[403].peak_allocated_GiB,4.451717376708984
C:\Users\nrgen\.codex\scratch\SATquery AI\ppt_handoff\raw\training_result.json,$.losses[404].peak_allocated_GiB,4.451717376708984
C:\Users\nrgen\.codex\scratch\SATquery AI\ppt_handoff\raw\training_result.json,$.losses[405].peak_allocated_GiB,4.451717376708984
C:\Users\nrgen\.codex\scratch\SATquery AI\ppt_handoff\raw\training_result.json,$.losses[406].peak_allocated_GiB,4.451717376708984
C:\Users\nrgen\.codex\scratch\SATquery AI\ppt_handoff\raw\training_result.json,$.losses[407].peak_allocated_GiB,4.451717376708984
C:\Users\nrgen\.codex\scratch\SATquery AI\ppt_handoff\raw\training_result.json,$.losses[408].peak_allocated_GiB,4.451717376708984
C:\Users\nrgen\.codex\scratch\SATquery AI\ppt_handoff\raw\training_result.json,$.losses[409].peak_allocated_GiB,4.451717376708984
C:\Users\nrgen\.codex\scratch\SATquery AI\ppt_handoff\raw\training_result.json,$.losses[410].peak_allocated_GiB,4.451717376708984
C:\Users\nrgen\.codex\scratch\SATquery AI\ppt_handoff\raw\training_result.json,$.losses[411].peak_allocated_GiB,4.451717376708984
C:\Users\nrgen\.codex\scratch\SATquery AI\ppt_handoff\raw\training_result.json,$.losses[412].peak_allocated_GiB,4.451717376708984
C:\Users\nrgen\.codex\scratch\SATquery AI\ppt_handoff\raw\training_result.json,$.losses[413].peak_allocated_GiB,4.451717376708984
C:\Users\nrgen\.codex\scratch\SATquery AI\ppt_handoff\raw\training_result.json,$.losses[414].peak_allocated_GiB,4.451717376708984
C:\Users\nrgen\.codex\scratch\SATquery AI\ppt_handoff\raw\training_result.json,$.losses[415].peak_allocated_GiB,4.451717376708984
C:\Users\nrgen\.codex\scratch\SATquery AI\ppt_handoff\raw\training_result.json,$.losses[416].peak_allocated_GiB,4.451717376708984
C:\Users\nrgen\.codex\scratch\SATquery AI\ppt_handoff\raw\training_result.json,$.losses[417].peak_allocated_GiB,4.451717376708984
C:\Users\nrgen\.codex\scratch\SATquery AI\ppt_handoff\raw\training_result.json,$.losses[418].peak_allocated_GiB,4.451717376708984
C:\Users\nrgen\.codex\scratch\SATquery AI\ppt_handoff\raw\training_result.json,$.losses[419].peak_allocated_GiB,4.451717376708984
C:\Users\nrgen\.codex\scratch\SATquery AI\ppt_handoff\raw\training_result.json,$.losses[420].peak_allocated_GiB,4.451717376708984
C:\Users\nrgen\.codex\scratch\SATquery AI\ppt_handoff\raw\training_result.json,$.losses[421].peak_allocated_GiB,4.451717376708984
C:\Users\nrgen\.codex\scratch\SATquery AI\ppt_handoff\raw\training_result.json,$.losses[422].peak_allocated_GiB,4.451717376708984
C:\Users\nrgen\.codex\scratch\SATquery AI\ppt_handoff\raw\training_result.json,$.losses[423].peak_allocated_GiB,4.451717376708984
C:\Users\nrgen\.codex\scratch\SATquery AI\ppt_handoff\raw\training_result.json,$.losses[424].peak_allocated_GiB,4.451717376708984
C:\Users\nrgen\.codex\scratch\SATquery AI\ppt_handoff\raw\training_result.json,$.losses[425].peak_allocated_GiB,4.451717376708984
C:\Users\nrgen\.codex\scratch\SATquery AI\ppt_handoff\raw\training_result.json,$.losses[426].peak_allocated_GiB,4.451717376708984
C:\Users\nrgen\.codex\scratch\SATquery AI\ppt_handoff\raw\training_result.json,$.losses[427].peak_allocated_GiB,4.451717376708984
C:\Users\nrgen\.codex\scratch\SATquery AI\ppt_handoff\raw\training_result.json,$.losses[428].peak_allocated_GiB,4.451717376708984
C:\Users\nrgen\.codex\scratch\SATquery AI\ppt_handoff\raw\training_result.json,$.losses[429].peak_allocated_GiB,4.451717376708984
C:\Users\nrgen\.codex\scratch\SATquery AI\ppt_handoff\raw\training_result.json,$.losses[430].peak_allocated_GiB,4.451717376708984
C:\Users\nrgen\.codex\scratch\SATquery AI\ppt_handoff\raw\training_result.json,$.losses[431].peak_allocated_GiB,4.451717376708984
C:\Users\nrgen\.codex\scratch\SATquery AI\ppt_handoff\raw\training_result.json,$.losses[432].peak_allocated_GiB,4.451717376708984
C:\Users\nrgen\.codex\scratch\SATquery AI\ppt_handoff\raw\training_result.json,$.losses[433].peak_allocated_GiB,4.451717376708984
C:\Users\nrgen\.codex\scratch\SATquery AI\ppt_handoff\raw\training_result.json,$.losses[434].peak_allocated_GiB,4.451717376708984
C:\Users\nrgen\.codex\scratch\SATquery AI\ppt_handoff\raw\training_result.json,$.losses[435].peak_allocated_GiB,4.451717376708984
C:\Users\nrgen\.codex\scratch\SATquery AI\ppt_handoff\raw\training_result.json,$.losses[436].peak_allocated_GiB,4.451717376708984
C:\Users\nrgen\.codex\scratch\SATquery AI\ppt_handoff\raw\training_result.json,$.losses[437].peak_allocated_GiB,4.451717376708984
C:\Users\nrgen\.codex\scratch\SATquery AI\ppt_handoff\raw\training_result.json,$.losses[438].peak_allocated_GiB,4.451717376708984
C:\Users\nrgen\.codex\scratch\SATquery AI\ppt_handoff\raw\training_result.json,$.losses[439].peak_allocated_GiB,4.451717376708984
C:\Users\nrgen\.codex\scratch\SATquery AI\ppt_handoff\raw\training_result.json,$.losses[440].peak_allocated_GiB,4.451717376708984
C:\Users\nrgen\.codex\scratch\SATquery AI\ppt_handoff\raw\training_result.json,$.losses[441].peak_allocated_GiB,4.451717376708984
C:\Users\nrgen\.codex\scratch\SATquery AI\ppt_handoff\raw\training_result.json,$.losses[442].peak_allocated_GiB,4.454071998596191
C:\Users\nrgen\.codex\scratch\SATquery AI\ppt_handoff\raw\training_result.json,$.losses[443].peak_allocated_GiB,4.454071998596191
C:\Users\nrgen\.codex\scratch\SATquery AI\ppt_handoff\raw\training_result.json,$.losses[444].peak_allocated_GiB,4.454071998596191
C:\Users\nrgen\.codex\scratch\SATquery AI\ppt_handoff\raw\training_result.json,$.losses[445].peak_allocated_GiB,4.454071998596191
C:\Users\nrgen\.codex\scratch\SATquery AI\ppt_handoff\raw\training_result.json,$.losses[446].peak_allocated_GiB,4.454071998596191
C:\Users\nrgen\.codex\scratch\SATquery AI\ppt_handoff\raw\training_result.json,$.losses[447].peak_allocated_GiB,4.454071998596191
C:\Users\nrgen\.codex\scratch\SATquery AI\ppt_handoff\raw\training_result.json,$.losses[448].peak_allocated_GiB,4.454071998596191
C:\Users\nrgen\.codex\scratch\SATquery AI\ppt_handoff\raw\training_result.json,$.losses[449].peak_allocated_GiB,4.454071998596191
C:\Users\nrgen\.codex\scratch\SATquery AI\ppt_handoff\raw\training_result.json,$.losses[450].peak_allocated_GiB,4.454071998596191
C:\Users\nrgen\.codex\scratch\SATquery AI\ppt_handoff\raw\training_result.json,$.losses[451].peak_allocated_GiB,4.454071998596191
C:\Users\nrgen\.codex\scratch\SATquery AI\ppt_handoff\raw\training_result.json,$.losses[452].peak_allocated_GiB,4.454071998596191
C:\Users\nrgen\.codex\scratch\SATquery AI\ppt_handoff\raw\training_result.json,$.losses[453].peak_allocated_GiB,4.454071998596191
C:\Users\nrgen\.codex\scratch\SATquery AI\ppt_handoff\raw\training_result.json,$.losses[454].peak_allocated_GiB,4.454071998596191
C:\Users\nrgen\.codex\scratch\SATquery AI\ppt_handoff\raw\training_result.json,$.losses[455].peak_allocated_GiB,4.454071998596191
C:\Users\nrgen\.codex\scratch\SATquery AI\ppt_handoff\raw\training_result.json,$.losses[456].peak_allocated_GiB,4.454071998596191
C:\Users\nrgen\.codex\scratch\SATquery AI\ppt_handoff\raw\training_result.json,$.losses[457].peak_allocated_GiB,4.454071998596191
C:\Users\nrgen\.codex\scratch\SATquery AI\ppt_handoff\raw\training_result.json,$.losses[458].peak_allocated_GiB,4.454071998596191
C:\Users\nrgen\.codex\scratch\SATquery AI\ppt_handoff\raw\training_result.json,$.losses[459].peak_allocated_GiB,4.454071998596191
C:\Users\nrgen\.codex\scratch\SATquery AI\ppt_handoff\raw\training_result.json,$.losses[460].peak_allocated_GiB,4.454071998596191
C:\Users\nrgen\.codex\scratch\SATquery AI\ppt_handoff\raw\training_result.json,$.losses[461].peak_allocated_GiB,4.454071998596191
C:\Users\nrgen\.codex\scratch\SATquery AI\ppt_handoff\raw\training_result.json,$.losses[462].peak_allocated_GiB,4.454071998596191
C:\Users\nrgen\.codex\scratch\SATquery AI\ppt_handoff\raw\training_result.json,$.losses[463].peak_allocated_GiB,4.454071998596191
C:\Users\nrgen\.codex\scratch\SATquery AI\ppt_handoff\raw\training_result.json,$.losses[464].peak_allocated_GiB,4.454071998596191
C:\Users\nrgen\.codex\scratch\SATquery AI\ppt_handoff\raw\training_result.json,$.losses[465].peak_allocated_GiB,4.454071998596191
C:\Users\nrgen\.codex\scratch\SATquery AI\ppt_handoff\raw\training_result.json,$.losses[466].peak_allocated_GiB,4.454071998596191
C:\Users\nrgen\.codex\scratch\SATquery AI\ppt_handoff\raw\training_result.json,$.losses[467].peak_allocated_GiB,4.454071998596191
C:\Users\nrgen\.codex\scratch\SATquery AI\ppt_handoff\raw\training_result.json,$.losses[468].peak_allocated_GiB,4.454071998596191
C:\Users\nrgen\.codex\scratch\SATquery AI\ppt_handoff\raw\training_result.json,$.losses[469].peak_allocated_GiB,4.454071998596191
C:\Users\nrgen\.codex\scratch\SATquery AI\ppt_handoff\raw\training_result.json,$.losses[470].peak_allocated_GiB,4.454071998596191
C:\Users\nrgen\.codex\scratch\SATquery AI\ppt_handoff\raw\training_result.json,$.losses[471].peak_allocated_GiB,4.454071998596191
C:\Users\nrgen\.codex\scratch\SATquery AI\ppt_handoff\raw\training_result.json,$.losses[472].peak_allocated_GiB,4.454071998596191
C:\Users\nrgen\.codex\scratch\SATquery AI\ppt_handoff\raw\training_result.json,$.losses[473].peak_allocated_GiB,4.454071998596191
C:\Users\nrgen\.codex\scratch\SATquery AI\ppt_handoff\raw\training_result.json,$.losses[474].peak_allocated_GiB,4.454071998596191
C:\Users\nrgen\.codex\scratch\SATquery AI\ppt_handoff\raw\training_result.json,$.losses[475].peak_allocated_GiB,4.454071998596191
C:\Users\nrgen\.codex\scratch\SATquery AI\ppt_handoff\raw\training_result.json,$.losses[476].peak_allocated_GiB,4.454071998596191
C:\Users\nrgen\.codex\scratch\SATquery AI\ppt_handoff\raw\training_result.json,$.losses[477].peak_allocated_GiB,4.454071998596191
C:\Users\nrgen\.codex\scratch\SATquery AI\ppt_handoff\raw\training_result.json,$.losses[478].peak_allocated_GiB,4.454071998596191
C:\Users\nrgen\.codex\scratch\SATquery AI\ppt_handoff\raw\training_result.json,$.losses[479].peak_allocated_GiB,4.454071998596191
C:\Users\nrgen\.codex\scratch\SATquery AI\ppt_handoff\raw\training_result.json,$.losses[480].peak_allocated_GiB,4.454071998596191
C:\Users\nrgen\.codex\scratch\SATquery AI\ppt_handoff\raw\training_result.json,$.losses[481].peak_allocated_GiB,4.454071998596191
C:\Users\nrgen\.codex\scratch\SATquery AI\ppt_handoff\raw\training_result.json,$.losses[482].peak_allocated_GiB,4.454071998596191
C:\Users\nrgen\.codex\scratch\SATquery AI\ppt_handoff\raw\training_result.json,$.losses[483].peak_allocated_GiB,4.454071998596191
C:\Users\nrgen\.codex\scratch\SATquery AI\ppt_handoff\raw\training_result.json,$.losses[484].peak_allocated_GiB,4.454071998596191
C:\Users\nrgen\.codex\scratch\SATquery AI\ppt_handoff\raw\training_result.json,$.losses[485].peak_allocated_GiB,4.454071998596191
C:\Users\nrgen\.codex\scratch\SATquery AI\ppt_handoff\raw\training_result.json,$.losses[486].peak_allocated_GiB,4.454071998596191
C:\Users\nrgen\.codex\scratch\SATquery AI\ppt_handoff\raw\training_result.json,$.losses[487].peak_allocated_GiB,4.454071998596191
C:\Users\nrgen\.codex\scratch\SATquery AI\ppt_handoff\raw\training_result.json,$.losses[488].peak_allocated_GiB,4.454071998596191
C:\Users\nrgen\.codex\scratch\SATquery AI\ppt_handoff\raw\training_result.json,$.losses[489].peak_allocated_GiB,4.454071998596191
C:\Users\nrgen\.codex\scratch\SATquery AI\ppt_handoff\raw\training_result.json,$.losses[490].peak_allocated_GiB,4.454071998596191
C:\Users\nrgen\.codex\scratch\SATquery AI\ppt_handoff\raw\training_result.json,$.losses[491].peak_allocated_GiB,4.454071998596191
C:\Users\nrgen\.codex\scratch\SATquery AI\ppt_handoff\raw\training_result.json,$.losses[492].peak_allocated_GiB,4.454071998596191
C:\Users\nrgen\.codex\scratch\SATquery AI\ppt_handoff\raw\training_result.json,$.losses[493].peak_allocated_GiB,4.454071998596191
C:\Users\nrgen\.codex\scratch\SATquery AI\ppt_handoff\raw\training_result.json,$.losses[494].peak_allocated_GiB,4.454071998596191
C:\Users\nrgen\.codex\scratch\SATquery AI\ppt_handoff\raw\training_result.json,$.losses[495].peak_allocated_GiB,4.454071998596191
C:\Users\nrgen\.codex\scratch\SATquery AI\ppt_handoff\raw\training_result.json,$.losses[496].peak_allocated_GiB,4.454071998596191
C:\Users\nrgen\.codex\scratch\SATquery AI\ppt_handoff\raw\training_result.json,$.losses[497].peak_allocated_GiB,4.454071998596191
C:\Users\nrgen\.codex\scratch\SATquery AI\ppt_handoff\raw\training_result.json,$.losses[498].peak_allocated_GiB,4.454071998596191
C:\Users\nrgen\.codex\scratch\SATquery AI\ppt_handoff\raw\training_result.json,$.losses[499].peak_allocated_GiB,4.454071998596191
C:\Users\nrgen\.codex\scratch\SATquery AI\ppt_handoff\raw\training_result.json,$.losses[500].peak_allocated_GiB,4.454071998596191
C:\Users\nrgen\.codex\scratch\SATquery AI\ppt_handoff\raw\training_result.json,$.losses[501].peak_allocated_GiB,4.454071998596191
C:\Users\nrgen\.codex\scratch\SATquery AI\ppt_handoff\raw\training_result.json,$.losses[502].peak_allocated_GiB,4.454071998596191
C:\Users\nrgen\.codex\scratch\SATquery AI\ppt_handoff\raw\training_result.json,$.losses[503].peak_allocated_GiB,4.454071998596191
C:\Users\nrgen\.codex\scratch\SATquery AI\ppt_handoff\raw\training_result.json,$.losses[504].peak_allocated_GiB,4.454071998596191
C:\Users\nrgen\.codex\scratch\SATquery AI\ppt_handoff\raw\training_result.json,$.losses[505].peak_allocated_GiB,4.454071998596191
C:\Users\nrgen\.codex\scratch\SATquery AI\ppt_handoff\raw\training_result.json,$.losses[506].peak_allocated_GiB,4.454071998596191
C:\Users\nrgen\.codex\scratch\SATquery AI\ppt_handoff\raw\training_result.json,$.losses[507].peak_allocated_GiB,4.454071998596191
C:\Users\nrgen\.codex\scratch\SATquery AI\ppt_handoff\raw\training_result.json,$.losses[508].peak_allocated_GiB,4.454071998596191
C:\Users\nrgen\.codex\scratch\SATquery AI\ppt_handoff\raw\training_result.json,$.losses[509].peak_allocated_GiB,4.454071998596191
C:\Users\nrgen\.codex\scratch\SATquery AI\ppt_handoff\raw\training_result.json,$.losses[510].peak_allocated_GiB,4.454071998596191
C:\Users\nrgen\.codex\scratch\SATquery AI\ppt_handoff\raw\training_result.json,$.losses[511].peak_allocated_GiB,4.454071998596191
C:\Users\nrgen\.codex\scratch\SATquery AI\ppt_handoff\raw\training_result.json,$.losses[512].peak_allocated_GiB,4.454071998596191
C:\Users\nrgen\.codex\scratch\SATquery AI\ppt_handoff\raw\training_result.json,$.losses[513].peak_allocated_GiB,4.454071998596191
C:\Users\nrgen\.codex\scratch\SATquery AI\ppt_handoff\raw\training_result.json,$.losses[514].peak_allocated_GiB,4.454071998596191
C:\Users\nrgen\.codex\scratch\SATquery AI\ppt_handoff\raw\training_result.json,$.losses[515].peak_allocated_GiB,4.454071998596191
C:\Users\nrgen\.codex\scratch\SATquery AI\ppt_handoff\raw\training_result.json,$.losses[516].peak_allocated_GiB,4.454071998596191
C:\Users\nrgen\.codex\scratch\SATquery AI\ppt_handoff\raw\training_result.json,$.losses[517].peak_allocated_GiB,4.454071998596191
C:\Users\nrgen\.codex\scratch\SATquery AI\ppt_handoff\raw\training_result.json,$.losses[518].peak_allocated_GiB,4.454071998596191
C:\Users\nrgen\.codex\scratch\SATquery AI\ppt_handoff\raw\training_result.json,$.losses[519].peak_allocated_GiB,4.454071998596191
C:\Users\nrgen\.codex\scratch\SATquery AI\ppt_handoff\raw\training_result.json,$.losses[520].peak_allocated_GiB,4.454071998596191
C:\Users\nrgen\.codex\scratch\SATquery AI\ppt_handoff\raw\training_result.json,$.losses[521].peak_allocated_GiB,4.454071998596191
C:\Users\nrgen\.codex\scratch\SATquery AI\ppt_handoff\raw\training_result.json,$.losses[522].peak_allocated_GiB,4.454071998596191
C:\Users\nrgen\.codex\scratch\SATquery AI\ppt_handoff\raw\training_result.json,$.losses[523].peak_allocated_GiB,4.454071998596191
C:\Users\nrgen\.codex\scratch\SATquery AI\ppt_handoff\raw\training_result.json,$.losses[524].peak_allocated_GiB,4.454071998596191
C:\Users\nrgen\.codex\scratch\SATquery AI\ppt_handoff\raw\training_result.json,$.losses[525].peak_allocated_GiB,4.454071998596191
C:\Users\nrgen\.codex\scratch\SATquery AI\ppt_handoff\raw\training_result.json,$.losses[526].peak_allocated_GiB,4.454071998596191
C:\Users\nrgen\.codex\scratch\SATquery AI\ppt_handoff\raw\training_result.json,$.losses[527].peak_allocated_GiB,4.454071998596191
C:\Users\nrgen\.codex\scratch\SATquery AI\ppt_handoff\raw\training_result.json,$.losses[528].peak_allocated_GiB,4.454071998596191
C:\Users\nrgen\.codex\scratch\SATquery AI\ppt_handoff\raw\training_result.json,$.losses[529].peak_allocated_GiB,4.454071998596191
C:\Users\nrgen\.codex\scratch\SATquery AI\ppt_handoff\raw\training_result.json,$.losses[530].peak_allocated_GiB,4.454071998596191
C:\Users\nrgen\.codex\scratch\SATquery AI\ppt_handoff\raw\training_result.json,$.losses[531].peak_allocated_GiB,4.454071998596191
C:\Users\nrgen\.codex\scratch\SATquery AI\ppt_handoff\raw\training_result.json,$.losses[532].peak_allocated_GiB,4.454071998596191
C:\Users\nrgen\.codex\scratch\SATquery AI\ppt_handoff\raw\training_result.json,$.losses[533].peak_allocated_GiB,4.454071998596191
C:\Users\nrgen\.codex\scratch\SATquery AI\ppt_handoff\raw\training_result.json,$.losses[534].peak_allocated_GiB,4.454071998596191
C:\Users\nrgen\.codex\scratch\SATquery AI\ppt_handoff\raw\training_result.json,$.losses[535].peak_allocated_GiB,4.454071998596191
C:\Users\nrgen\.codex\scratch\SATquery AI\ppt_handoff\raw\training_result.json,$.losses[536].peak_allocated_GiB,4.454071998596191
C:\Users\nrgen\.codex\scratch\SATquery AI\ppt_handoff\raw\training_result.json,$.losses[537].peak_allocated_GiB,4.454071998596191
C:\Users\nrgen\.codex\scratch\SATquery AI\ppt_handoff\raw\training_result.json,$.losses[538].peak_allocated_GiB,4.454071998596191
C:\Users\nrgen\.codex\scratch\SATquery AI\ppt_handoff\raw\training_result.json,$.losses[539].peak_allocated_GiB,4.454071998596191
C:\Users\nrgen\.codex\scratch\SATquery AI\ppt_handoff\raw\training_result.json,$.losses[540].peak_allocated_GiB,4.454071998596191
C:\Users\nrgen\.codex\scratch\SATquery AI\ppt_handoff\raw\training_result.json,$.losses[541].peak_allocated_GiB,4.454071998596191
C:\Users\nrgen\.codex\scratch\SATquery AI\ppt_handoff\raw\training_result.json,$.losses[542].peak_allocated_GiB,4.454071998596191
C:\Users\nrgen\.codex\scratch\SATquery AI\ppt_handoff\raw\training_result.json,$.losses[543].peak_allocated_GiB,4.454071998596191
C:\Users\nrgen\.codex\scratch\SATquery AI\ppt_handoff\raw\training_result.json,$.losses[544].peak_allocated_GiB,4.454071998596191
C:\Users\nrgen\.codex\scratch\SATquery AI\ppt_handoff\raw\training_result.json,$.losses[545].peak_allocated_GiB,4.454071998596191
C:\Users\nrgen\.codex\scratch\SATquery AI\ppt_handoff\raw\training_result.json,$.losses[546].peak_allocated_GiB,4.454071998596191
C:\Users\nrgen\.codex\scratch\SATquery AI\ppt_handoff\raw\training_result.json,$.losses[547].peak_allocated_GiB,4.454071998596191
C:\Users\nrgen\.codex\scratch\SATquery AI\ppt_handoff\raw\training_result.json,$.losses[548].peak_allocated_GiB,4.454071998596191
C:\Users\nrgen\.codex\scratch\SATquery AI\ppt_handoff\raw\training_result.json,$.losses[549].peak_allocated_GiB,4.454071998596191
C:\Users\nrgen\.codex\scratch\SATquery AI\ppt_handoff\raw\training_result.json,$.losses[550].peak_allocated_GiB,4.454071998596191
C:\Users\nrgen\.codex\scratch\SATquery AI\ppt_handoff\raw\training_result.json,$.losses[551].peak_allocated_GiB,4.454071998596191
C:\Users\nrgen\.codex\scratch\SATquery AI\ppt_handoff\raw\training_result.json,$.losses[552].peak_allocated_GiB,4.454071998596191
C:\Users\nrgen\.codex\scratch\SATquery AI\ppt_handoff\raw\training_result.json,$.losses[553].peak_allocated_GiB,4.454071998596191
C:\Users\nrgen\.codex\scratch\SATquery AI\ppt_handoff\raw\training_result.json,$.losses[554].peak_allocated_GiB,4.454071998596191
C:\Users\nrgen\.codex\scratch\SATquery AI\ppt_handoff\raw\training_result.json,$.losses[555].peak_allocated_GiB,4.454071998596191
C:\Users\nrgen\.codex\scratch\SATquery AI\ppt_handoff\raw\training_result.json,$.losses[556].peak_allocated_GiB,4.454071998596191
C:\Users\nrgen\.codex\scratch\SATquery AI\ppt_handoff\raw\training_result.json,$.losses[557].peak_allocated_GiB,4.454071998596191
C:\Users\nrgen\.codex\scratch\SATquery AI\ppt_handoff\raw\training_result.json,$.losses[558].peak_allocated_GiB,4.454071998596191
C:\Users\nrgen\.codex\scratch\SATquery AI\ppt_handoff\raw\training_result.json,$.losses[559].peak_allocated_GiB,4.454071998596191
C:\Users\nrgen\.codex\scratch\SATquery AI\ppt_handoff\raw\training_result.json,$.losses[560].peak_allocated_GiB,4.454071998596191
C:\Users\nrgen\.codex\scratch\SATquery AI\ppt_handoff\raw\training_result.json,$.losses[561].peak_allocated_GiB,4.454071998596191
C:\Users\nrgen\.codex\scratch\SATquery AI\ppt_handoff\raw\training_result.json,$.losses[562].peak_allocated_GiB,4.454071998596191
C:\Users\nrgen\.codex\scratch\SATquery AI\ppt_handoff\raw\training_result.json,$.losses[563].peak_allocated_GiB,4.454071998596191
C:\Users\nrgen\.codex\scratch\SATquery AI\ppt_handoff\raw\training_result.json,$.losses[564].peak_allocated_GiB,4.454071998596191
C:\Users\nrgen\.codex\scratch\SATquery AI\ppt_handoff\raw\training_result.json,$.losses[565].peak_allocated_GiB,4.454071998596191
C:\Users\nrgen\.codex\scratch\SATquery AI\ppt_handoff\raw\training_result.json,$.losses[566].peak_allocated_GiB,4.454071998596191
C:\Users\nrgen\.codex\scratch\SATquery AI\ppt_handoff\raw\training_result.json,$.losses[567].peak_allocated_GiB,4.454071998596191
C:\Users\nrgen\.codex\scratch\SATquery AI\ppt_handoff\raw\training_result.json,$.losses[568].peak_allocated_GiB,4.454071998596191
C:\Users\nrgen\.codex\scratch\SATquery AI\ppt_handoff\raw\training_result.json,$.losses[569].peak_allocated_GiB,4.454071998596191
C:\Users\nrgen\.codex\scratch\SATquery AI\ppt_handoff\raw\training_result.json,$.losses[570].peak_allocated_GiB,4.454071998596191
C:\Users\nrgen\.codex\scratch\SATquery AI\ppt_handoff\raw\training_result.json,$.losses[571].peak_allocated_GiB,4.454071998596191
C:\Users\nrgen\.codex\scratch\SATquery AI\ppt_handoff\raw\training_result.json,$.losses[572].peak_allocated_GiB,4.454071998596191
C:\Users\nrgen\.codex\scratch\SATquery AI\ppt_handoff\raw\training_result.json,$.losses[573].peak_allocated_GiB,4.454071998596191
C:\Users\nrgen\.codex\scratch\SATquery AI\ppt_handoff\raw\training_result.json,$.losses[574].peak_allocated_GiB,4.454071998596191
C:\Users\nrgen\.codex\scratch\SATquery AI\ppt_handoff\raw\training_result.json,$.losses[575].peak_allocated_GiB,4.454071998596191
C:\Users\nrgen\.codex\scratch\SATquery AI\ppt_handoff\raw\training_result.json,$.losses[576].peak_allocated_GiB,4.454071998596191
C:\Users\nrgen\.codex\scratch\SATquery AI\ppt_handoff\raw\training_result.json,$.losses[577].peak_allocated_GiB,4.454071998596191
C:\Users\nrgen\.codex\scratch\SATquery AI\ppt_handoff\raw\training_result.json,$.losses[578].peak_allocated_GiB,4.454071998596191
C:\Users\nrgen\.codex\scratch\SATquery AI\ppt_handoff\raw\training_result.json,$.losses[579].peak_allocated_GiB,4.454071998596191
C:\Users\nrgen\.codex\scratch\SATquery AI\ppt_handoff\raw\training_result.json,$.losses[580].peak_allocated_GiB,4.454071998596191
C:\Users\nrgen\.codex\scratch\SATquery AI\ppt_handoff\raw\training_result.json,$.losses[581].peak_allocated_GiB,4.454071998596191
C:\Users\nrgen\.codex\scratch\SATquery AI\ppt_handoff\raw\training_result.json,$.losses[582].peak_allocated_GiB,4.454071998596191
C:\Users\nrgen\.codex\scratch\SATquery AI\ppt_handoff\raw\training_result.json,$.losses[583].peak_allocated_GiB,4.454071998596191
C:\Users\nrgen\.codex\scratch\SATquery AI\ppt_handoff\raw\training_result.json,$.losses[584].peak_allocated_GiB,4.454071998596191
C:\Users\nrgen\.codex\scratch\SATquery AI\ppt_handoff\raw\training_result.json,$.losses[585].peak_allocated_GiB,4.454071998596191
C:\Users\nrgen\.codex\scratch\SATquery AI\ppt_handoff\raw\training_result.json,$.losses[586].peak_allocated_GiB,4.454071998596191
C:\Users\nrgen\.codex\scratch\SATquery AI\ppt_handoff\raw\training_result.json,$.losses[587].peak_allocated_GiB,4.454071998596191
C:\Users\nrgen\.codex\scratch\SATquery AI\ppt_handoff\raw\training_result.json,$.losses[588].peak_allocated_GiB,4.454071998596191
C:\Users\nrgen\.codex\scratch\SATquery AI\ppt_handoff\raw\training_result.json,$.losses[589].peak_allocated_GiB,4.454071998596191
C:\Users\nrgen\.codex\scratch\SATquery AI\ppt_handoff\raw\training_result.json,$.losses[590].peak_allocated_GiB,4.454071998596191
C:\Users\nrgen\.codex\scratch\SATquery AI\ppt_handoff\raw\training_result.json,$.losses[591].peak_allocated_GiB,4.454071998596191
C:\Users\nrgen\.codex\scratch\SATquery AI\ppt_handoff\raw\training_result.json,$.losses[592].peak_allocated_GiB,4.454071998596191
C:\Users\nrgen\.codex\scratch\SATquery AI\ppt_handoff\raw\training_result.json,$.losses[593].peak_allocated_GiB,4.454071998596191
C:\Users\nrgen\.codex\scratch\SATquery AI\ppt_handoff\raw\training_result.json,$.losses[594].peak_allocated_GiB,4.454071998596191
C:\Users\nrgen\.codex\scratch\SATquery AI\ppt_handoff\raw\training_result.json,$.losses[595].peak_allocated_GiB,4.454071998596191
C:\Users\nrgen\.codex\scratch\SATquery AI\ppt_handoff\raw\training_result.json,$.losses[596].peak_allocated_GiB,4.454071998596191
C:\Users\nrgen\.codex\scratch\SATquery AI\ppt_handoff\raw\training_result.json,$.losses[597].peak_allocated_GiB,4.454071998596191
C:\Users\nrgen\.codex\scratch\SATquery AI\ppt_handoff\raw\training_result.json,$.losses[598].peak_allocated_GiB,4.454071998596191
C:\Users\nrgen\.codex\scratch\SATquery AI\ppt_handoff\raw\training_result.json,$.losses[599].peak_allocated_GiB,4.454071998596191
C:\Users\nrgen\.codex\scratch\SATquery AI\ppt_handoff\raw\training_result.json,$.losses[600].peak_allocated_GiB,4.454071998596191
C:\Users\nrgen\.codex\scratch\SATquery AI\ppt_handoff\raw\training_result.json,$.losses[601].peak_allocated_GiB,4.454071998596191
C:\Users\nrgen\.codex\scratch\SATquery AI\ppt_handoff\raw\training_result.json,$.losses[602].peak_allocated_GiB,4.454071998596191
C:\Users\nrgen\.codex\scratch\SATquery AI\ppt_handoff\raw\training_result.json,$.losses[603].peak_allocated_GiB,4.454071998596191
C:\Users\nrgen\.codex\scratch\SATquery AI\ppt_handoff\raw\training_result.json,$.losses[604].peak_allocated_GiB,4.454071998596191
C:\Users\nrgen\.codex\scratch\SATquery AI\ppt_handoff\raw\training_result.json,$.losses[605].peak_allocated_GiB,4.454071998596191
C:\Users\nrgen\.codex\scratch\SATquery AI\ppt_handoff\raw\training_result.json,$.losses[606].peak_allocated_GiB,4.454071998596191
C:\Users\nrgen\.codex\scratch\SATquery AI\ppt_handoff\raw\training_result.json,$.losses[607].peak_allocated_GiB,4.454071998596191
C:\Users\nrgen\.codex\scratch\SATquery AI\ppt_handoff\raw\training_result.json,$.losses[608].peak_allocated_GiB,4.454071998596191
C:\Users\nrgen\.codex\scratch\SATquery AI\ppt_handoff\raw\training_result.json,$.losses[609].peak_allocated_GiB,4.454071998596191
C:\Users\nrgen\.codex\scratch\SATquery AI\ppt_handoff\raw\training_result.json,$.losses[610].peak_allocated_GiB,4.454071998596191
C:\Users\nrgen\.codex\scratch\SATquery AI\ppt_handoff\raw\training_result.json,$.losses[611].peak_allocated_GiB,4.454071998596191
C:\Users\nrgen\.codex\scratch\SATquery AI\ppt_handoff\raw\training_result.json,$.losses[612].peak_allocated_GiB,4.454071998596191
C:\Users\nrgen\.codex\scratch\SATquery AI\ppt_handoff\raw\training_result.json,$.losses[613].peak_allocated_GiB,4.454071998596191
C:\Users\nrgen\.codex\scratch\SATquery AI\ppt_handoff\raw\training_result.json,$.losses[614].peak_allocated_GiB,4.454071998596191
C:\Users\nrgen\.codex\scratch\SATquery AI\ppt_handoff\raw\training_result.json,$.losses[615].peak_allocated_GiB,4.454071998596191
C:\Users\nrgen\.codex\scratch\SATquery AI\ppt_handoff\raw\training_result.json,$.losses[616].peak_allocated_GiB,4.454071998596191
C:\Users\nrgen\.codex\scratch\SATquery AI\ppt_handoff\raw\training_result.json,$.losses[617].peak_allocated_GiB,4.454071998596191
C:\Users\nrgen\.codex\scratch\SATquery AI\ppt_handoff\raw\training_result.json,$.losses[618].peak_allocated_GiB,4.454071998596191
C:\Users\nrgen\.codex\scratch\SATquery AI\ppt_handoff\raw\training_result.json,$.losses[619].peak_allocated_GiB,4.454071998596191
C:\Users\nrgen\.codex\scratch\SATquery AI\ppt_handoff\raw\training_result.json,$.losses[620].peak_allocated_GiB,4.454071998596191
C:\Users\nrgen\.codex\scratch\SATquery AI\ppt_handoff\raw\training_result.json,$.losses[621].peak_allocated_GiB,4.454071998596191
C:\Users\nrgen\.codex\scratch\SATquery AI\ppt_handoff\raw\training_result.json,$.losses[622].peak_allocated_GiB,4.454071998596191
C:\Users\nrgen\.codex\scratch\SATquery AI\ppt_handoff\raw\training_result.json,$.losses[623].peak_allocated_GiB,4.454071998596191
C:\Users\nrgen\.codex\scratch\SATquery AI\ppt_handoff\raw\training_result.json,$.losses[624].peak_allocated_GiB,4.454071998596191
C:\Users\nrgen\.codex\scratch\SATquery AI\ppt_handoff\raw\training_result.json,$.losses[625].peak_allocated_GiB,4.454071998596191
C:\Users\nrgen\.codex\scratch\SATquery AI\ppt_handoff\raw\training_result.json,$.losses[626].peak_allocated_GiB,4.454071998596191
C:\Users\nrgen\.codex\scratch\SATquery AI\ppt_handoff\raw\training_result.json,$.losses[627].peak_allocated_GiB,4.454071998596191
C:\Users\nrgen\.codex\scratch\SATquery AI\ppt_handoff\raw\training_result.json,$.losses[628].peak_allocated_GiB,4.454071998596191
C:\Users\nrgen\.codex\scratch\SATquery AI\ppt_handoff\raw\training_result.json,$.losses[629].peak_allocated_GiB,4.454071998596191
C:\Users\nrgen\.codex\scratch\SATquery AI\ppt_handoff\raw\training_result.json,$.losses[630].peak_allocated_GiB,4.454071998596191
C:\Users\nrgen\.codex\scratch\SATquery AI\ppt_handoff\raw\training_result.json,$.losses[631].peak_allocated_GiB,4.454071998596191
C:\Users\nrgen\.codex\scratch\SATquery AI\ppt_handoff\raw\training_result.json,$.losses[632].peak_allocated_GiB,4.454071998596191
C:\Users\nrgen\.codex\scratch\SATquery AI\ppt_handoff\raw\training_result.json,$.losses[633].peak_allocated_GiB,4.454071998596191
C:\Users\nrgen\.codex\scratch\SATquery AI\ppt_handoff\raw\training_result.json,$.losses[634].peak_allocated_GiB,4.454071998596191
C:\Users\nrgen\.codex\scratch\SATquery AI\ppt_handoff\raw\training_result.json,$.losses[635].peak_allocated_GiB,4.454071998596191
C:\Users\nrgen\.codex\scratch\SATquery AI\ppt_handoff\raw\training_result.json,$.losses[636].peak_allocated_GiB,4.454071998596191
C:\Users\nrgen\.codex\scratch\SATquery AI\ppt_handoff\raw\training_result.json,$.losses[637].peak_allocated_GiB,4.454071998596191
C:\Users\nrgen\.codex\scratch\SATquery AI\ppt_handoff\raw\training_result.json,$.losses[638].peak_allocated_GiB,4.454071998596191
C:\Users\nrgen\.codex\scratch\SATquery AI\ppt_handoff\raw\training_result.json,$.losses[639].peak_allocated_GiB,4.454071998596191
C:\Users\nrgen\.codex\scratch\SATquery AI\ppt_handoff\raw\training_result.json,$.losses[640].peak_allocated_GiB,4.454071998596191
C:\Users\nrgen\.codex\scratch\SATquery AI\ppt_handoff\raw\training_result.json,$.losses[641].peak_allocated_GiB,4.454071998596191
C:\Users\nrgen\.codex\scratch\SATquery AI\ppt_handoff\raw\training_result.json,$.losses[642].peak_allocated_GiB,4.454071998596191
C:\Users\nrgen\.codex\scratch\SATquery AI\ppt_handoff\raw\training_result.json,$.losses[643].peak_allocated_GiB,4.454071998596191
C:\Users\nrgen\.codex\scratch\SATquery AI\ppt_handoff\raw\training_result.json,$.losses[644].peak_allocated_GiB,4.454071998596191
C:\Users\nrgen\.codex\scratch\SATquery AI\ppt_handoff\raw\training_result.json,$.losses[645].peak_allocated_GiB,4.454071998596191
C:\Users\nrgen\.codex\scratch\SATquery AI\ppt_handoff\raw\training_result.json,$.losses[646].peak_allocated_GiB,4.454071998596191
C:\Users\nrgen\.codex\scratch\SATquery AI\ppt_handoff\raw\training_result.json,$.losses[647].peak_allocated_GiB,4.454071998596191
C:\Users\nrgen\.codex\scratch\SATquery AI\ppt_handoff\raw\training_result.json,$.losses[648].peak_allocated_GiB,4.454071998596191
C:\Users\nrgen\.codex\scratch\SATquery AI\ppt_handoff\raw\training_result.json,$.losses[649].peak_allocated_GiB,4.454071998596191
C:\Users\nrgen\.codex\scratch\SATquery AI\ppt_handoff\raw\training_result.json,$.losses[650].peak_allocated_GiB,4.454071998596191
C:\Users\nrgen\.codex\scratch\SATquery AI\ppt_handoff\raw\training_result.json,$.losses[651].peak_allocated_GiB,4.454071998596191
C:\Users\nrgen\.codex\scratch\SATquery AI\ppt_handoff\raw\training_result.json,$.losses[652].peak_allocated_GiB,4.454071998596191
C:\Users\nrgen\.codex\scratch\SATquery AI\ppt_handoff\raw\training_result.json,$.losses[653].peak_allocated_GiB,4.454071998596191
C:\Users\nrgen\.codex\scratch\SATquery AI\ppt_handoff\raw\training_result.json,$.losses[654].peak_allocated_GiB,4.454071998596191
C:\Users\nrgen\.codex\scratch\SATquery AI\ppt_handoff\raw\training_result.json,$.losses[655].peak_allocated_GiB,4.454071998596191
C:\Users\nrgen\.codex\scratch\SATquery AI\ppt_handoff\raw\training_result.json,$.losses[656].peak_allocated_GiB,4.454071998596191
C:\Users\nrgen\.codex\scratch\SATquery AI\ppt_handoff\raw\training_result.json,$.losses[657].peak_allocated_GiB,4.454071998596191
C:\Users\nrgen\.codex\scratch\SATquery AI\ppt_handoff\raw\training_result.json,$.losses[658].peak_allocated_GiB,4.454071998596191
C:\Users\nrgen\.codex\scratch\SATquery AI\ppt_handoff\raw\training_result.json,$.losses[659].peak_allocated_GiB,4.454071998596191
C:\Users\nrgen\.codex\scratch\SATquery AI\ppt_handoff\raw\training_result.json,$.losses[660].peak_allocated_GiB,4.454071998596191
C:\Users\nrgen\.codex\scratch\SATquery AI\ppt_handoff\raw\training_result.json,$.losses[661].peak_allocated_GiB,4.454071998596191
C:\Users\nrgen\.codex\scratch\SATquery AI\ppt_handoff\raw\training_result.json,$.losses[662].peak_allocated_GiB,4.454071998596191
C:\Users\nrgen\.codex\scratch\SATquery AI\ppt_handoff\raw\training_result.json,$.losses[663].peak_allocated_GiB,4.454071998596191
C:\Users\nrgen\.codex\scratch\SATquery AI\ppt_handoff\raw\training_result.json,$.losses[664].peak_allocated_GiB,4.454071998596191
C:\Users\nrgen\.codex\scratch\SATquery AI\ppt_handoff\raw\training_result.json,$.losses[665].peak_allocated_GiB,4.454071998596191
C:\Users\nrgen\.codex\scratch\SATquery AI\ppt_handoff\raw\training_result.json,$.losses[666].peak_allocated_GiB,4.454071998596191
C:\Users\nrgen\.codex\scratch\SATquery AI\ppt_handoff\raw\training_result.json,$.losses[667].peak_allocated_GiB,4.454071998596191
C:\Users\nrgen\.codex\scratch\SATquery AI\ppt_handoff\raw\training_result.json,$.losses[668].peak_allocated_GiB,4.454071998596191
C:\Users\nrgen\.codex\scratch\SATquery AI\ppt_handoff\raw\training_result.json,$.losses[669].peak_allocated_GiB,4.454071998596191
C:\Users\nrgen\.codex\scratch\SATquery AI\ppt_handoff\raw\training_result.json,$.losses[670].peak_allocated_GiB,4.454071998596191
C:\Users\nrgen\.codex\scratch\SATquery AI\ppt_handoff\raw\training_result.json,$.losses[671].peak_allocated_GiB,4.454071998596191
C:\Users\nrgen\.codex\scratch\SATquery AI\ppt_handoff\raw\training_result.json,$.losses[672].peak_allocated_GiB,4.454071998596191
C:\Users\nrgen\.codex\scratch\SATquery AI\ppt_handoff\raw\training_result.json,$.losses[673].peak_allocated_GiB,4.454071998596191
C:\Users\nrgen\.codex\scratch\SATquery AI\ppt_handoff\raw\training_result.json,$.losses[674].peak_allocated_GiB,4.454071998596191
C:\Users\nrgen\.codex\scratch\SATquery AI\ppt_handoff\raw\training_result.json,$.losses[675].peak_allocated_GiB,4.454071998596191
C:\Users\nrgen\.codex\scratch\SATquery AI\ppt_handoff\raw\training_result.json,$.losses[676].peak_allocated_GiB,4.454071998596191
C:\Users\nrgen\.codex\scratch\SATquery AI\ppt_handoff\raw\training_result.json,$.losses[677].peak_allocated_GiB,4.454071998596191
C:\Users\nrgen\.codex\scratch\SATquery AI\ppt_handoff\raw\training_result.json,$.losses[678].peak_allocated_GiB,4.454071998596191
C:\Users\nrgen\.codex\scratch\SATquery AI\ppt_handoff\raw\training_result.json,$.losses[679].peak_allocated_GiB,4.454071998596191
C:\Users\nrgen\.codex\scratch\SATquery AI\ppt_handoff\raw\training_result.json,$.losses[680].peak_allocated_GiB,4.454071998596191
C:\Users\nrgen\.codex\scratch\SATquery AI\ppt_handoff\raw\training_result.json,$.losses[681].peak_allocated_GiB,4.454071998596191
C:\Users\nrgen\.codex\scratch\SATquery AI\ppt_handoff\raw\training_result.json,$.losses[682].peak_allocated_GiB,4.454071998596191
C:\Users\nrgen\.codex\scratch\SATquery AI\ppt_handoff\raw\training_result.json,$.losses[683].peak_allocated_GiB,4.454071998596191
C:\Users\nrgen\.codex\scratch\SATquery AI\ppt_handoff\raw\training_result.json,$.losses[684].peak_allocated_GiB,4.454071998596191
C:\Users\nrgen\.codex\scratch\SATquery AI\ppt_handoff\raw\training_result.json,$.losses[685].peak_allocated_GiB,4.454071998596191
C:\Users\nrgen\.codex\scratch\SATquery AI\ppt_handoff\raw\training_result.json,$.losses[686].peak_allocated_GiB,4.454071998596191
C:\Users\nrgen\.codex\scratch\SATquery AI\ppt_handoff\raw\training_result.json,$.losses[687].peak_allocated_GiB,4.454071998596191
C:\Users\nrgen\.codex\scratch\SATquery AI\ppt_handoff\raw\training_result.json,$.losses[688].peak_allocated_GiB,4.454071998596191
C:\Users\nrgen\.codex\scratch\SATquery AI\ppt_handoff\raw\training_result.json,$.losses[689].peak_allocated_GiB,4.454071998596191
C:\Users\nrgen\.codex\scratch\SATquery AI\ppt_handoff\raw\training_result.json,$.losses[690].peak_allocated_GiB,4.454071998596191
C:\Users\nrgen\.codex\scratch\SATquery AI\ppt_handoff\raw\training_result.json,$.losses[691].peak_allocated_GiB,4.454071998596191
C:\Users\nrgen\.codex\scratch\SATquery AI\ppt_handoff\raw\training_result.json,$.losses[692].peak_allocated_GiB,4.454071998596191
C:\Users\nrgen\.codex\scratch\SATquery AI\ppt_handoff\raw\training_result.json,$.losses[693].peak_allocated_GiB,4.454071998596191
C:\Users\nrgen\.codex\scratch\SATquery AI\ppt_handoff\raw\training_result.json,$.losses[694].peak_allocated_GiB,4.454071998596191
C:\Users\nrgen\.codex\scratch\SATquery AI\ppt_handoff\raw\training_result.json,$.losses[695].peak_allocated_GiB,4.454071998596191
C:\Users\nrgen\.codex\scratch\SATquery AI\ppt_handoff\raw\training_result.json,$.losses[696].peak_allocated_GiB,4.454071998596191
C:\Users\nrgen\.codex\scratch\SATquery AI\ppt_handoff\raw\training_result.json,$.losses[697].peak_allocated_GiB,4.454071998596191
C:\Users\nrgen\.codex\scratch\SATquery AI\ppt_handoff\raw\training_result.json,$.losses[698].peak_allocated_GiB,4.454071998596191
C:\Users\nrgen\.codex\scratch\SATquery AI\ppt_handoff\raw\training_result.json,$.losses[699].peak_allocated_GiB,4.454071998596191
C:\Users\nrgen\.codex\scratch\SATquery AI\ppt_handoff\raw\training_result.json,$.losses[700].peak_allocated_GiB,4.454071998596191
C:\Users\nrgen\.codex\scratch\SATquery AI\ppt_handoff\raw\training_result.json,$.losses[701].peak_allocated_GiB,4.454071998596191
C:\Users\nrgen\.codex\scratch\SATquery AI\ppt_handoff\raw\training_result.json,$.losses[702].peak_allocated_GiB,4.454071998596191
C:\Users\nrgen\.codex\scratch\SATquery AI\ppt_handoff\raw\training_result.json,$.losses[703].peak_allocated_GiB,4.454071998596191
C:\Users\nrgen\.codex\scratch\SATquery AI\ppt_handoff\raw\training_result.json,$.losses[704].peak_allocated_GiB,4.454071998596191
C:\Users\nrgen\.codex\scratch\SATquery AI\ppt_handoff\raw\training_result.json,$.losses[705].peak_allocated_GiB,4.454071998596191
C:\Users\nrgen\.codex\scratch\SATquery AI\ppt_handoff\raw\training_result.json,$.losses[706].peak_allocated_GiB,4.454071998596191
C:\Users\nrgen\.codex\scratch\SATquery AI\ppt_handoff\raw\training_result.json,$.losses[707].peak_allocated_GiB,4.454071998596191
C:\Users\nrgen\.codex\scratch\SATquery AI\ppt_handoff\raw\training_result.json,$.losses[708].peak_allocated_GiB,4.454071998596191
C:\Users\nrgen\.codex\scratch\SATquery AI\ppt_handoff\raw\training_result.json,$.losses[709].peak_allocated_GiB,4.454071998596191
C:\Users\nrgen\.codex\scratch\SATquery AI\ppt_handoff\raw\training_result.json,$.losses[710].peak_allocated_GiB,4.454071998596191
C:\Users\nrgen\.codex\scratch\SATquery AI\ppt_handoff\raw\training_result.json,$.losses[711].peak_allocated_GiB,4.454071998596191
C:\Users\nrgen\.codex\scratch\SATquery AI\ppt_handoff\raw\training_result.json,$.losses[712].peak_allocated_GiB,4.454071998596191
C:\Users\nrgen\.codex\scratch\SATquery AI\ppt_handoff\raw\training_result.json,$.losses[713].peak_allocated_GiB,4.454071998596191
C:\Users\nrgen\.codex\scratch\SATquery AI\ppt_handoff\raw\training_result.json,$.losses[714].peak_allocated_GiB,4.454071998596191
C:\Users\nrgen\.codex\scratch\SATquery AI\ppt_handoff\raw\training_result.json,$.losses[715].peak_allocated_GiB,4.454071998596191
C:\Users\nrgen\.codex\scratch\SATquery AI\ppt_handoff\raw\training_result.json,$.losses[716].peak_allocated_GiB,4.454071998596191
C:\Users\nrgen\.codex\scratch\SATquery AI\ppt_handoff\raw\training_result.json,$.losses[717].peak_allocated_GiB,4.454071998596191
C:\Users\nrgen\.codex\scratch\SATquery AI\ppt_handoff\raw\training_result.json,$.losses[718].peak_allocated_GiB,4.454071998596191
C:\Users\nrgen\.codex\scratch\SATquery AI\ppt_handoff\raw\training_result.json,$.losses[719].peak_allocated_GiB,4.454071998596191
C:\Users\nrgen\.codex\scratch\SATquery AI\ppt_handoff\raw\vqa_completed_runs.json,$[0].trace[0].seconds,4.947
C:\Users\nrgen\.codex\scratch\SATquery AI\ppt_handoff\raw\vqa_completed_runs.json,$[0].trace[1].seconds,2.024
C:\Users\nrgen\.codex\scratch\SATquery AI\ppt_handoff\raw\vqa_completed_runs.json,$[0].seconds,13.744
C:\Users\nrgen\.codex\scratch\SATquery AI\ppt_handoff\raw\vqa_completed_runs.json,$[0].generation_seconds,2.024
C:\Users\nrgen\.codex\scratch\SATquery AI\ppt_handoff\raw\vqa_completed_runs.json,$[0].peak_allocated_GiB,4.178
C:\Users\nrgen\.codex\scratch\SATquery AI\ppt_handoff\raw\vqa_completed_runs.json,$[1].trace[0].seconds,4.397
C:\Users\nrgen\.codex\scratch\SATquery AI\ppt_handoff\raw\vqa_completed_runs.json,$[1].seconds,4.843
C:\Users\nrgen\.codex\scratch\SATquery AI\ppt_handoff\raw\vqa_completed_runs.json,$[1].generation_seconds,4.397
C:\Users\nrgen\.codex\scratch\SATquery AI\ppt_handoff\raw\vqa_completed_runs.json,$[1].peak_allocated_GiB,4.301
C:\Users\nrgen\.codex\scratch\SATquery AI\ppt_handoff\raw\vqa_completed_runs.json,$[2].trace[0].seconds,3.809
C:\Users\nrgen\.codex\scratch\SATquery AI\ppt_handoff\raw\vqa_completed_runs.json,$[2].seconds,4.028
C:\Users\nrgen\.codex\scratch\SATquery AI\ppt_handoff\raw\vqa_completed_runs.json,$[2].generation_seconds,3.809
C:\Users\nrgen\.codex\scratch\SATquery AI\ppt_handoff\raw\vqa_completed_runs.json,$[2].peak_allocated_GiB,4.301
C:\Users\nrgen\.codex\scratch\SATquery AI\ppt_handoff\raw\vqa_completed_runs.json,$[3].trace[0].seconds,0.472
C:\Users\nrgen\.codex\scratch\SATquery AI\ppt_handoff\raw\vqa_completed_runs.json,$[3].seconds,1.117
C:\Users\nrgen\.codex\scratch\SATquery AI\ppt_handoff\raw\vqa_completed_runs.json,$[3].generation_seconds,0.472
C:\Users\nrgen\.codex\scratch\SATquery AI\ppt_handoff\raw\vqa_completed_runs.json,$[3].peak_allocated_GiB,4.178
C:\Users\nrgen\.codex\scratch\SATquery AI\ppt_handoff\raw\vqa_completed_runs.json,$[4].trace[0].seconds,8.099
C:\Users\nrgen\.codex\scratch\SATquery AI\ppt_handoff\raw\vqa_completed_runs.json,$[4].trace[1].seconds,7.138
C:\Users\nrgen\.codex\scratch\SATquery AI\ppt_handoff\raw\vqa_completed_runs.json,$[4].seconds,23.114
C:\Users\nrgen\.codex\scratch\SATquery AI\ppt_handoff\raw\vqa_completed_runs.json,$[4].generation_seconds,7.138
C:\Users\nrgen\.codex\scratch\SATquery AI\ppt_handoff\raw\vqa_completed_runs.json,$[4].peak_allocated_GiB,4.298
C:\Users\nrgen\.codex\scratch\SATquery AI\ppt_handoff\raw\vqa_completed_runs.json,$[5].trace[0].seconds,6.16
C:\Users\nrgen\.codex\scratch\SATquery AI\ppt_handoff\raw\vqa_completed_runs.json,$[5].seconds,6.383
C:\Users\nrgen\.codex\scratch\SATquery AI\ppt_handoff\raw\vqa_completed_runs.json,$[5].generation_seconds,6.16
C:\Users\nrgen\.codex\scratch\SATquery AI\ppt_handoff\raw\vqa_completed_runs.json,$[5].peak_allocated_GiB,4.298
C:\Users\nrgen\.codex\scratch\SATquery AI\ppt_handoff\raw\vqa_completed_runs.json,$[6].trace[0].seconds,2.626
C:\Users\nrgen\.codex\scratch\SATquery AI\ppt_handoff\raw\vqa_completed_runs.json,$[6].seconds,2.707
C:\Users\nrgen\.codex\scratch\SATquery AI\ppt_handoff\raw\vqa_completed_runs.json,$[6].generation_seconds,2.626
C:\Users\nrgen\.codex\scratch\SATquery AI\ppt_handoff\raw\vqa_completed_runs.json,$[6].peak_allocated_GiB,4.302
C:\Users\nrgen\.codex\scratch\SATquery AI\ppt_handoff\raw\vqa_completed_runs.json,$[7].trace[0].seconds,6.107
C:\Users\nrgen\.codex\scratch\SATquery AI\ppt_handoff\raw\vqa_completed_runs.json,$[7].trace[1].seconds,4.601
C:\Users\nrgen\.codex\scratch\SATquery AI\ppt_handoff\raw\vqa_completed_runs.json,$[7].seconds,17.093
C:\Users\nrgen\.codex\scratch\SATquery AI\ppt_handoff\raw\vqa_completed_runs.json,$[7].generation_seconds,4.601
C:\Users\nrgen\.codex\scratch\SATquery AI\ppt_handoff\raw\vqa_completed_runs.json,$[7].peak_allocated_GiB,4.299
C:\Users\nrgen\.codex\scratch\SATquery AI\ppt_handoff\raw\vqa_completed_runs.json,$[8].trace[0].seconds,0.329
C:\Users\nrgen\.codex\scratch\SATquery AI\ppt_handoff\raw\vqa_completed_runs.json,$[8].seconds,0.368
C:\Users\nrgen\.codex\scratch\SATquery AI\ppt_handoff\raw\vqa_completed_runs.json,$[8].generation_seconds,0.329
C:\Users\nrgen\.codex\scratch\SATquery AI\ppt_handoff\raw\vqa_completed_runs.json,$[8].peak_allocated_GiB,4.302
C:\Users\nrgen\.codex\scratch\SATquery AI\demo run\evidence-20260908\rehearsal.json,$[0].elapsed_seconds,23.279
C:\Users\nrgen\.codex\scratch\SATquery AI\demo run\evidence-20260908\rehearsal.json,$[0].run.trace[0].seconds,8.705
C:\Users\nrgen\.codex\scratch\SATquery AI\demo run\evidence-20260908\rehearsal.json,$[0].run.trace[1].seconds,8.009
C:\Users\nrgen\.codex\scratch\SATquery AI\demo run\evidence-20260908\rehearsal.json,$[0].run.seconds,23.081
C:\Users\nrgen\.codex\scratch\SATquery AI\demo run\evidence-20260908\rehearsal.json,$[0].run.generation_seconds,8.009
C:\Users\nrgen\.codex\scratch\SATquery AI\demo run\evidence-20260908\rehearsal.json,$[0].run.peak_allocated_GiB,4.298
C:\Users\nrgen\.codex\scratch\SATquery AI\demo run\evidence-20260908\rehearsal.json,$[1].elapsed_seconds,4.906
C:\Users\nrgen\.codex\scratch\SATquery AI\demo run\evidence-20260908\rehearsal.json,$[1].run.trace[0].seconds,4.624
C:\Users\nrgen\.codex\scratch\SATquery AI\demo run\evidence-20260908\rehearsal.json,$[1].run.seconds,4.723
C:\Users\nrgen\.codex\scratch\SATquery AI\demo run\evidence-20260908\rehearsal.json,$[1].run.generation_seconds,4.624
C:\Users\nrgen\.codex\scratch\SATquery AI\demo run\evidence-20260908\rehearsal.json,$[1].run.peak_allocated_GiB,4.298
C:\Users\nrgen\.codex\scratch\SATquery AI\demo run\evidence-20260908\rehearsal.json,$[2].elapsed_seconds,0.931
C:\Users\nrgen\.codex\scratch\SATquery AI\demo run\evidence-20260908\rehearsal.json,$[2].run.trace[0].seconds,0.683
C:\Users\nrgen\.codex\scratch\SATquery AI\demo run\evidence-20260908\rehearsal.json,$[2].run.counting.views[0].seconds,0.35184218200015493
C:\Users\nrgen\.codex\scratch\SATquery AI\demo run\evidence-20260908\rehearsal.json,$[2].run.counting.views[1].seconds,0.33095806500000435
C:\Users\nrgen\.codex\scratch\SATquery AI\demo run\evidence-20260908\rehearsal.json,$[2].run.counting.generation_seconds,0.683
C:\Users\nrgen\.codex\scratch\SATquery AI\demo run\evidence-20260908\rehearsal.json,$[2].run.counting.peak_allocated_GiB,4.313
C:\Users\nrgen\.codex\scratch\SATquery AI\demo run\evidence-20260908\rehearsal.json,$[2].run.answer_validation.views[0].seconds,0.35184218200015493
C:\Users\nrgen\.codex\scratch\SATquery AI\demo run\evidence-20260908\rehearsal.json,$[2].run.answer_validation.views[1].seconds,0.33095806500000435
C:\Users\nrgen\.codex\scratch\SATquery AI\demo run\evidence-20260908\rehearsal.json,$[2].run.answer_validation.generation_seconds,0.683
C:\Users\nrgen\.codex\scratch\SATquery AI\demo run\evidence-20260908\rehearsal.json,$[2].run.answer_validation.peak_allocated_GiB,4.313
C:\Users\nrgen\.codex\scratch\SATquery AI\demo run\evidence-20260908\rehearsal.json,$[2].run.seconds,0.791
C:\Users\nrgen\.codex\scratch\SATquery AI\demo run\evidence-20260908\rehearsal.json,$[2].run.generation_seconds,0.683
C:\Users\nrgen\.codex\scratch\SATquery AI\demo run\evidence-20260908\rehearsal.json,$[2].run.peak_allocated_GiB,4.313
C:\Users\nrgen\.codex\scratch\SATquery AI\demo run\evidence-20260908\rehearsal.json,$[3].elapsed_seconds,0.312
C:\Users\nrgen\.codex\scratch\SATquery AI\demo run\evidence-20260908\rehearsal.json,$[3].run.seconds,0.217
C:\Users\nrgen\.codex\scratch\SATquery AI\demo run\evidence-20260908\rehearsal.json,$[4].elapsed_seconds,0.31
C:\Users\nrgen\.codex\scratch\SATquery AI\demo run\evidence-20260908\rehearsal.json,$[4].run.seconds,0.252
C:\Users\nrgen\.codex\scratch\SATquery AI\demo run\evidence-20260908\rehearsal.json,$[5].elapsed_seconds,1.339
C:\Users\nrgen\.codex\scratch\SATquery AI\demo run\evidence-20260908\rehearsal.json,$[5].run.trace[0].seconds,0.235
C:\Users\nrgen\.codex\scratch\SATquery AI\demo run\evidence-20260908\rehearsal.json,$[5].run.seconds,1.243
C:\Users\nrgen\.codex\scratch\SATquery AI\demo run\evidence-20260908\rehearsal.json,$[5].run.generation_seconds,0.235
C:\Users\nrgen\.codex\scratch\SATquery AI\demo run\evidence-20260908\rehearsal.json,$[5].run.peak_allocated_GiB,4.163
C:\Users\nrgen\.codex\scratch\SATquery AI\demo run\evidence-20260908\rehearsal.json,$[6].elapsed_seconds,3.061
C:\Users\nrgen\.codex\scratch\SATquery AI\demo run\evidence-20260908\rehearsal.json,$[6].run.trace[0].seconds,2.938
C:\Users\nrgen\.codex\scratch\SATquery AI\demo run\evidence-20260908\rehearsal.json,$[6].run.seconds,2.959
C:\Users\nrgen\.codex\scratch\SATquery AI\demo run\evidence-20260908\rehearsal.json,$[6].run.generation_seconds,2.938
C:\Users\nrgen\.codex\scratch\SATquery AI\demo run\evidence-20260908\rehearsal.json,$[6].run.peak_allocated_GiB,4.222
C:\Users\nrgen\.codex\scratch\SATquery AI\demo run\evidence-20260908\rehearsal.json,$[7].elapsed_seconds,1.34
C:\Users\nrgen\.codex\scratch\SATquery AI\demo run\evidence-20260908\rehearsal.json,$[7].run.trace[0].seconds,0.287
C:\Users\nrgen\.codex\scratch\SATquery AI\demo run\evidence-20260908\rehearsal.json,$[7].run.seconds,1.104
C:\Users\nrgen\.codex\scratch\SATquery AI\demo run\evidence-20260908\rehearsal.json,$[7].run.generation_seconds,0.287
C:\Users\nrgen\.codex\scratch\SATquery AI\demo run\evidence-20260908\rehearsal.json,$[7].run.peak_allocated_GiB,4.164
